kind,text,url,local_path,status,bytes,sha256,valid_pdf,repo_storage,notes
annual,Annual Reports,https://dpl.gov.in/index.php/annual-reports,targeted/docs/annual__Annual_Reports.pdf,ok,34781,1834dcab78934a0fcd7b40b2c54c3b3be97d7c1e8e7b6ecc9ab9d3022a6d6462,0,manifest_only,Raw targeted source artifact retained outside git under /private/tmp unless promoted separately.
annual,Annual Reports 2009-10,https://dpl.gov.in/images/annualreport910.pdf,targeted/docs/annual__Annual_Reports_2009-10.pdf,ok,149087,95c943d7e220f1a689e36d0cdf58de3e3f6389ed8879206fbf97a8921e238a8f,1,manifest_only,Raw targeted source artifact retained outside git under /private/tmp unless promoted separately.
annual,Annual Report 2010-11,https://dpl.gov.in/images/AnnualReport10-11.pdf,targeted/docs/annual__Annual_Report_2010-11.pdf,ok,408504,a95a89b8a3670f5511198afcf476d74963e6bfc5de441ea488a27d19dc5f8c2f,1,manifest_only,Raw targeted source artifact retained outside git under /private/tmp unless promoted separately.
annual,Annual Report 2011-12,https://dpl.gov.in/images/pdf/annual2011_12.pdf,targeted/docs/annual__Annual_Report_2011-12.pdf,ok,793092,d48e0e3a82c084c5b78d3e4318d8ce4827a5a39f50e108730623c9041df501a2,1,manifest_only,Raw targeted source artifact retained outside git under /private/tmp unless promoted separately.
annual,Annual Report 2012-13,https://drive.google.com/file/d/18L6NnB4ysfe9SigOhyKHXl1fRK4YP1jQ/view?usp=sharing,targeted/docs/annual__Annual_Report_2012-13.pdf,ok,24475900,73647dacdcdb3fb620170d147e10d2730801dc3f681e05f89595ee59ea06095e,1,manifest_only,Raw targeted source artifact retained outside git under /private/tmp unless promoted separately.
annual,Annual Report 2013-14,https://drive.google.com/file/d/0BxVoYdQQldmNRzQ0VDVHQXlpV3c/view?usp=sharing,targeted/docs/annual__Annual_Report_2013-14.pdf,ok,1777222,7e08f3494a26e409175d289b044689de639642880f96e7a1360e95955ce06f36,1,manifest_only,Raw targeted source artifact retained outside git under /private/tmp unless promoted separately.
annual,Annual ACCOUNTS 2013-14,https://drive.google.com/file/d/0BxVoYdQQldmNLVY5SGFCZWdqa1k/view?usp=sharing,targeted/docs/annual__Annual_ACCOUNTS_2013-14.pdf,ok,10534622,dc92eb377ec88756b3007a66af29e0b9befb4f178cafeb503209f66df1a4e76e,1,manifest_only,Raw targeted source artifact retained outside git under /private/tmp unless promoted separately.
annual,Annual Report 2014-15,https://drive.google.com/file/d/0BxVoYdQQldmNdTRycE83NW9OeFk/view?usp=sharing,targeted/docs/annual__Annual_Report_2014-15.pdf,ok,2779103,9ff4d8b74c983270ab471b153ba40cef02874b1c4df23a15ccd6e291b46d421f,1,manifest_only,Raw targeted source artifact retained outside git under /private/tmp unless promoted separately.
annual,Annual Accounts 2014-15,https://drive.google.com/file/d/0BxVoYdQQldmNQkJDMEJqd2FiSmM/view?usp=sharing,targeted/docs/annual__Annual_Accounts_2014-15.pdf,ok,10596913,bcefff24f6388d4d9e3036122a0cce3fb8d9e35b215649a87b44e06e5c9658b7,1,manifest_only,Raw targeted source artifact retained outside git under /private/tmp unless promoted separately.
annual,Annual Report 2015-16,https://drive.google.com/file/d/0BxVoYdQQldmNNktDOENSZXdtSkE/view?usp=sharing,targeted/docs/annual__Annual_Report_2015-16.pdf,ok,2755334,f0494a73cdd860d6c7d3766dd2a11e25629e3b369b8b86abde346af9d57271c9,1,manifest_only,Raw targeted source artifact retained outside git under /private/tmp unless promoted separately.
annual,Annual Accounts 2015-16,https://drive.google.com/file/d/0BxVoYdQQldmNSUpSWllyeHpiU2M/view?usp=sharing,targeted/docs/annual__Annual_Accounts_2015-16.pdf,ok,12668141,e39ebbc5f0e0ebde30002925536c62a42eafb08732c74b0406ac09a2fb3f165c,1,manifest_only,Raw targeted source artifact retained outside git under /private/tmp unless promoted separately.
annual,Annual Report 2016-17,https://drive.google.com/file/d/1Ug33f17_4uaCAtl1U-F61pOPHLzj1a3w/view?usp=sharing,targeted/docs/annual__Annual_Report_2016-17.pdf,ok,27264936,c636f08ebfec3923c3034f7a036c4ce54dea956e3801ee63b571a29924002fc1,1,manifest_only,Raw targeted source artifact retained outside git under /private/tmp unless promoted separately.
annual,Annual Accounts 2016-17,https://drive.google.com/file/d/1GxtjsZ6CVz4EJLHKhjLg3ZpHJUdKi7JC/view?usp=sharing,targeted/docs/annual__Annual_Accounts_2016-17.pdf,ok,7569739,98aa126634222c7a5be124290cb55ba6f88d74b2941bf3328ee85353e307e663,1,manifest_only,Raw targeted source artifact retained outside git under /private/tmp unless promoted separately.
annual,Annual Report 2017-18,https://drive.google.com/file/d/1VdnqrkfRz11e_C0wKGbOuuPBeQxT9YIL/view?usp=sharing,targeted/docs/annual__Annual_Report_2017-18.pdf,ok,10291477,717020167f9afe145c971c135e1de063961d8845802aea1ae136b37671ebe9cc,1,manifest_only,Raw targeted source artifact retained outside git under /private/tmp unless promoted separately.
annual,Annual Accounts 2017-18,https://drive.google.com/file/d/1z3iymIkfnAxsZziziW75YnSmi7GENEwv/view?usp=sharing,targeted/docs/annual__Annual_Accounts_2017-18.pdf,ok,75839095,fa7476b6bd16b69a15167e3d2b4ec247e360660a924b90f378d830d945b19bba,1,manifest_only,Raw targeted source artifact retained outside git under /private/tmp unless promoted separately.
annual,Annual Report 2018-19,https://drive.google.com/file/d/1M8NtKz1wYxhUMV0alL8Qls88vIFFMEsJ/view?usp=sharing,targeted/docs/annual__Annual_Report_2018-19.pdf,ok,11451516,f8e2a390d9a0d73cd182b1472debd7c832d4c8935af163255fb850e613b35f7b,1,manifest_only,Raw targeted source artifact retained outside git under /private/tmp unless promoted separately.
annual,Annual Accounts 2018-19,https://drive.google.com/file/d/1haLih8ilopzudDGb09zlhEBLh47xvsoU/view?usp=sharing,targeted/docs/annual__Annual_Accounts_2018-19.pdf,ok,12590118,14b756da5b52dcc77c1806671574705dea8df243b2fb25cb5b36c5eaec8925a9,1,manifest_only,Raw targeted source artifact retained outside git under /private/tmp unless promoted separately.
annual,Annual Report 2019-20,https://drive.google.com/file/d/18GyW-jgqT0iAkaGo5BtLUQf0QVKYVJDl/view?usp=sharing,targeted/docs/annual__Annual_Report_2019-20.pdf,ok,38711823,322f591860e004b1187cb6aa1420abe855ed1f681275d69741a9dc169230efc9,1,manifest_only,Raw targeted source artifact retained outside git under /private/tmp unless promoted separately.
annual,Annual Accounts 2019-20,https://drive.google.com/file/d/1bjX1IuZFRr6OTpIxMETB9KLwj8Arzr2a/view?usp=sharing,targeted/docs/annual__Annual_Accounts_2019-20.pdf,ok,39899220,7b4739e8ee7025ec03f6e1e5df53521ca1cdf5599950e8302ac75f55d630df70,1,manifest_only,Raw targeted source artifact retained outside git under /private/tmp unless promoted separately.
annual,Annual Report 2020-21,https://drive.google.com/file/d/1E1kOzYcRD82hX993NBr1ysZvGsHRb03U/view?usp=sharing,targeted/docs/annual__Annual_Report_2020-21.pdf,ok,19184235,cd75e6a7c1648a5cd637919930e319d0dfc73acfcd9307e1f677278e86361e65,1,manifest_only,Raw targeted source artifact retained outside git under /private/tmp unless promoted separately.
annual,Annual Accounts 2020-21,https://drive.google.com/file/d/1Gen8Em29bu_DjjTt4MuiXowDhOIYYwWc/view?usp=sharing,targeted/docs/annual__Annual_Accounts_2020-21.pdf,html_instead_of_pdf,2452,025b8825e4dd978a4a10a637f9e99d6e002759559f6005538987ae54630a22ea,0,manifest_only,Raw targeted source artifact retained outside git under /private/tmp unless promoted separately.
annual,ANNUAL REPORT 2021-2 2,https://drive.google.com/file/d/1ETQH_6IQpJrzyvq4v0_47tSrOCCZGrGl/view?usp=share_link,targeted/docs/annual__ANNUAL_REPORT_2021-2_2.pdf,ok,10880591,0c70ee00b61c5fc22056513d9f13b5de9245bae969a047506af70f37ab8a4fec,1,manifest_only,Raw targeted source artifact retained outside git under /private/tmp unless promoted separately.
annual,ANNUAL REPORT 2022-23,https://drive.google.com/file/d/1PWG1Sh_JNHdg_PAlLYQ2HGiWwiVNktAD/view?usp=sharing,targeted/docs/annual__ANNUAL_REPORT_2022-23.pdf,ok,10190696,de92ce57c3b8aaa769f1f7343a43af939634831cf9a8895afd4a9684015901bf,1,manifest_only,Raw targeted source artifact retained outside git under /private/tmp unless promoted separately.
annual,ANNUAL REPORT 2023-24,https://drive.google.com/file/d/1d6K6glvU5osL5ck9tR_2LLuoHFQUeh0e/view?usp=sharing,targeted/docs/annual__ANNUAL_REPORT_2023-24.pdf,ok,7038383,5adc7bf7f34456e435e54e64a5e8f0c1d90e6b096846381329999bf8b02859d4,1,manifest_only,Raw targeted source artifact retained outside git under /private/tmp unless promoted separately.
annual,Annual Reports,http://dpl.gov.in/index.php/annual-reports,targeted/docs/annual__Annual_Reports.pdf,exists,34781,1834dcab78934a0fcd7b40b2c54c3b3be97d7c1e8e7b6ecc9ab9d3022a6d6462,0,manifest_only,Raw targeted source artifact retained outside git under /private/tmp unless promoted separately.
rti,Right To Information Act (PDF),http://dpl.gov.in/images/rtiact.pdf,targeted/docs/rti__Right_To_Information_Act_PDF.pdf,ok,398502,0246a50b7d5a2763d0b0faf3bf49a15a8023465adfc1bd42310f0bee231ce5f3,1,manifest_only,Raw targeted source artifact retained outside git under /private/tmp unless promoted separately.
rti,"10. The Monthly Remuneration received by each of its officers and employees, including the system of compensation as provided in its regulations.",https://dpl.gov.in/index.php/information-handbook-under-rti-act/2-uncategorised/80-the-monthly-remuneration-received-by-each-of-its-officers,targeted/html/rti__10._The_Monthly_Remuneration_received_by_each_of_its_officers_and_employees_including_the_.html,ok,28816,9862b7436de93a3acd62adff9500c5f5703f00a30f41fed153074d88f48a201f,,manifest_only,Raw targeted source artifact retained outside git under /private/tmp unless promoted separately.
rti,11. The Budget allocated to each of its agency indicating the particulars of all plans proposed expenditure and disbursements made .,https://dpl.gov.in/index.php/information-handbook-under-rti-act/2-uncategorised/81-the-budget-allocated-to-each-of-its-agency,targeted/html/rti__11._The_Budget_allocated_to_each_of_its_agency_indicating_the_particulars_of_all_plans_pro.html,ok,29229,f52b9c6f09bf0b30bcd163f793c5533136861ed732c7731e453cb68ccba73e22,,manifest_only,Raw targeted source artifact retained outside git under /private/tmp unless promoted separately.
rti,Annexure-I : Functions and powers of Delhi Library Board,https://dpl.gov.in/images/AnnexureI.pdf,targeted/docs/rti__Annexure-I_Functions_and_powers_of_Delhi_Library_Board.pdf,ok,1277847,4f5b833329b144a82b5725c8e8b3794026457c53d13e807bc9320ddeafd20eb4,1,manifest_only,Raw targeted source artifact retained outside git under /private/tmp unless promoted separately.
rti,Annexure-II : Duties of Officers and Employees,https://dpl.gov.in/index.php/information-handbook-under-rti-act/2-uncategorised/88-annexure-ii,targeted/docs/rti__Annexure-II_Duties_of_Officers_and_Employees.pdf,ok,45401,7591432b7164a0a8abb85edb61791db9ea8272f1ca360dec1a2f759bbafeacc7,0,manifest_only,Raw targeted source artifact retained outside git under /private/tmp unless promoted separately.
rti,Annexure-III : The Rules and Regulations of DPL,https://dpl.gov.in/images/DLB%20Rules%20and%20Regulations.pdf,targeted/docs/rti__Annexure-III_The_Rules_and_Regulations_of_DPL.pdf,ok,1598788,6aa303905a541f653483cbdf8e8183d3f41f5456e7b734b52525e0f2395ad24e,1,manifest_only,Raw targeted source artifact retained outside git under /private/tmp unless promoted separately.
rti,Annexure-IV : Details of staff Payscale (Under Rule 4(1)(b)x of RTI act),https://drive.google.com/file/d/15Z0Kk4ehhQU_qI6zUlUwmkLx0Nd4oc41/view?usp=sharing,targeted/docs/rti__Annexure-IV_Details_of_staff_Payscale_Under_Rule_4_1_b_x_of_RTI_act.pdf,ok,364365,3cac15e54cf671800d57e37f3bad3fd8a7da3cf298a40c66b574e2ca408a395a,1,manifest_only,Raw targeted source artifact retained outside git under /private/tmp unless promoted separately.
rti,,https://dpl.gov.in/index.php/information-handbook-under-rti-act/2-uncategorised/89-annexure-iv,targeted/html/rti__untitled.html,ok,1697,e3f349f088f20c7ca335fbbfde4af17b6d92cd35854b6eabdac8d1ef9619214f,,manifest_only,Raw targeted source artifact retained outside git under /private/tmp unless promoted separately.
rti,Annexure-V : Statement of Budget Estimate of DPL for the Year 2012-13,https://dpl.gov.in/index.php/information-handbook-under-rti-act/2-uncategorised/90-annexure-v,targeted/docs/rti__Annexure-V_Statement_of_Budget_Estimate_of_DPL_for_the_Year_2012-13.pdf,ok,44176,7f455906460ac2fe820d6dee9705e958df2498d9c76f7aa8ea52b4a4024d0f69,0,manifest_only,Raw targeted source artifact retained outside git under /private/tmp unless promoted separately.
annual_alt,Annual Report 2017-18,https://drive.google.com/open?id=1pLIQkYaaBRDqGlTmJUfCImt_NkMX1CKN,targeted/docs/annual_alt__Annual_Report_2017-18.pdf,html_instead_of_pdf,1652,38d640dc28a3b762b781fd9e3f00758c95059c19e7c6230d471ff4830866108c,0,manifest_only,Raw targeted source artifact retained outside git under /private/tmp unless promoted separately.
annual_alt,Annual Accounts 2017-18,https://drive.google.com/open?id=1XhWOlgtPCygaqVS2ExDP5p4PEUPLFzJ_,targeted/docs/annual_alt__Annual_Accounts_2017-18.pdf,html_instead_of_pdf,1652,f233c4a1b2cd7ac365229a23e8457c83a6c611ee44873adf4c5178d692ef33c5,0,manifest_only,Raw targeted source artifact retained outside git under /private/tmp unless promoted separately.
annual_alt,Annual Report 2016-17,https://drive.google.com/file/d/1-cT5iADxiOCE7xBtFV_zvZKQsuFIyyK3/view?usp=sharing,targeted/docs/annual_alt__Annual_Report_2016-17.pdf,html_instead_of_pdf,1652,dbbe9ef4fa4fa3f4d97c652a8338dbec27e3eb296812e0e3be329213a1c2ae85,0,manifest_only,Raw targeted source artifact retained outside git under /private/tmp unless promoted separately.
annual_alt,Annual Accounts 2015-1,https://drive.google.com/file/d/0BxVoYdQQldmNSUpSWllyeHpiU2M/view?usp=sharing,targeted/docs/annual_alt__Annual_Accounts_2015-1.pdf,ok,12668141,e39ebbc5f0e0ebde30002925536c62a42eafb08732c74b0406ac09a2fb3f165c,1,manifest_only,Raw targeted source artifact retained outside git under /private/tmp unless promoted separately.
annual_alt,Annual Accounts 2013-14,https://drive.google.com/open?id=1pLIQkYaaBRDqGlTmJUfCImt_NkMX1CKN,targeted/docs/annual_alt__Annual_Accounts_2013-14.pdf,html_instead_of_pdf,1652,141799551f1d568d068858a1e8125cfb887b7424eb4abe0de91c7289da513a73,0,manifest_only,Raw targeted source artifact retained outside git under /private/tmp unless promoted separately.
operations,library_collection_details,https://dpl.gov.in/library-collection-details.php,targeted/html/operations__library_collection_details.html,ok,28491,bd593534dcc03914e3ad38c7aa0d4f4be23c77c2702cc8c7f91d85e208991b84,,manifest_only,Raw targeted source artifact retained outside git under /private/tmp unless promoted separately.
operations,membership,https://dpl.gov.in/membership.php,targeted/html/operations__membership.html,ok,29002,0505211a88668d30234c8c93ca4e8488d62b4c789be16d22aa91ccc1a5893adb,,manifest_only,Raw targeted source artifact retained outside git under /private/tmp unless promoted separately.
operations,branches,https://dpl.gov.in/dpl-branches.php,targeted/html/operations__branches.html,ok,27490,d8a8094cf02e6ca216850768655f3f5785802fb77d4bdacbef334873a54b3c92,,manifest_only,Raw targeted source artifact retained outside git under /private/tmp unless promoted separately.
operations,services,https://dpl.gov.in/dpl-library-services.php,targeted/html/operations__services.html,ok,27347,b4b6e28645e301ed56a9b1748ab22d06f76dddff5ec38eafead791578143c8f6,,manifest_only,Raw targeted source artifact retained outside git under /private/tmp unless promoted separately.
operations,mobile_library_services,https://dpl.gov.in/index.php/mobile-library-services,targeted/html/operations__mobile_library_services.html,ok,28777,adcb8b2624b0c42d9ffca3f1709e43487d74f5028d4677ac68f56d13e54f2e2e,,manifest_only,Raw targeted source artifact retained outside git under /private/tmp unless promoted separately.
operations,schedule_and_points_of_mobile_van,https://dpl.gov.in/index.php/mobile-library-services/2-uncategorised/63-schedule-and-points-of-mobile-van,targeted/html/operations__schedule_and_points_of_mobile_van.html,ok,288130,c8d7bcb5992d825e837626b648e6069db4c140277fe3f70c325399c57f97e3e5,,manifest_only,Raw targeted source artifact retained outside git under /private/tmp unless promoted separately.
operations,central_zone,https://dpl.gov.in/index.php/central-zone,targeted/html/operations__central_zone.html,ok,60218,df6c307f56f1da188e4e06575f751ed2162004b21918a887b3538e639ffe1003,,manifest_only,Raw targeted source artifact retained outside git under /private/tmp unless promoted separately.
operations,south_zone,https://dpl.gov.in/index.php/south-zone,targeted/html/operations__south_zone.html,ok,42312,5500cdf073f305916b331a950c865ec0b72a521e9768aa1489569f81f3c8b625,,manifest_only,Raw targeted source artifact retained outside git under /private/tmp unless promoted separately.
operations,west_zone,https://dpl.gov.in/index.php/west-zone,targeted/html/operations__west_zone.html,ok,38038,e2007e6799fe35f4214f48482089e6e730bcb5abc961ac571b0058cc1bf7411d,,manifest_only,Raw targeted source artifact retained outside git under /private/tmp unless promoted separately.
operations,north_zone,https://dpl.gov.in/index.php/north-zone,targeted/html/operations__north_zone.html,ok,43586,e0b60673917e3aa69ad29bdfa3694ae309ebd0c74f232b11a86d585b1331bda3,,manifest_only,Raw targeted source artifact retained outside git under /private/tmp unless promoted separately.
operations,east_zone,https://dpl.gov.in/index.php/east-zone,targeted/html/operations__east_zone.html,ok,35890,e9b312c2d6853cdf057b4e2a9e7c20922ec358e5812a2168dc6be20aa28d632e,,manifest_only,Raw targeted source artifact retained outside git under /private/tmp unless promoted separately.
operations,staff_directory,https://dpl.gov.in/index.php/staff-directory,targeted/html/operations__staff_directory.html,ok,65984,4cef1268f252da80aef193953cdae9f5c5a43e897b1167f97db475c2bf33e3bf,,manifest_only,Raw targeted source artifact retained outside git under /private/tmp unless promoted separately.
operations,information_handbook,https://dpl.gov.in/index.php/information-handbook-under-rti-act,targeted/html/operations__information_handbook.html,ok,36012,eb526dd7b9de5b36f08c2804a0e1238f70b26b4e028bf4fc722df3aca0b86e24,,manifest_only,Raw targeted source artifact retained outside git under /private/tmp unless promoted separately.
operations,budget_allocated,https://dpl.gov.in/index.php/information-handbook-under-rti-act/2-uncategorised/81-the-budget-allocated-to-each-of-its-agency,targeted/html/operations__budget_allocated.html,ok,29229,f52b9c6f09bf0b30bcd163f793c5533136861ed732c7731e453cb68ccba73e22,,manifest_only,Raw targeted source artifact retained outside git under /private/tmp unless promoted separately.
operations,monthly_remuneration,https://dpl.gov.in/index.php/information-handbook-under-rti-act/2-uncategorised/80-the-monthly-remuneration-received-by-each-of-its-officers,targeted/html/operations__monthly_remuneration.html,ok,28816,9862b7436de93a3acd62adff9500c5f5703f00a30f41fed153074d88f48a201f,,manifest_only,Raw targeted source artifact retained outside git under /private/tmp unless promoted separately.
operations,facilities_available,https://dpl.gov.in/index.php/information-handbook-under-rti-act/2-uncategorised/85-the-particulars-of-facilities-available-to-citizens,targeted/html/operations__facilities_available.html,ok,29159,a9c591be3fa06c2072b61d9d1374c5d9f3168494d7a49e974062fb4e193965f7,,manifest_only,Raw targeted source artifact retained outside git under /private/tmp unless promoted separately.
