library_id,name,service_tier,source_location_type,hierarchy_rank,physical_access_model,zone,address,latitude,longitude,coordinate_status,coordinate_provenance_group,geocode_confidence,geocode_provider,max_seating_capacity,opening_hours,weekly_open_hours,branch_collection_size,collection_types,branch_detail_status,usable_for_internal_access_model,usable_for_public_open_dataset,notes
dpl_dpl_head_quarter_0001,DPL Head Quarter,headquarters,fixed_library,10,fixed_full_service,central,"Delhi Public Library, Dr. Shyama Prasad Mukherjee Marg, Delhi-110006",28.659943775695407,77.229180829205,located,google_geocode,verified,google_maps_embed,,,,,,missing_branchwise_public_detail,yes,no,Central DPL administrative/full-service location. Coordinates are Google-geocoded and are internal-use until independently verified.
dpl_shahdara_0003,Shahdara,zonal_library,zonal_library,20,fixed_full_service,east,"Delhi Public Library, Near Anaj Mandi, Farsh Bazar, Shahdara Delhi-110032",28.6688266573598,77.29098294999328,located,google_geocode,verified,google_maps_embed,,,,,,missing_branchwise_public_detail,yes,no,Fixed zonal library; higher-order DPL public service point. Coordinates are Google-geocoded and are internal-use until independently verified.
dpl_karol_bagh_closed_0021,Karol Bagh Closed,zonal_library,zonal_library,20,fixed_full_service,north,"Delhi Public Library,5/56, D.B.Gupta Road, Karol Bagh, New Delhi-110005",28.6512721,77.1956184,located,google_geocode,google_verified,google:RANGE_INTERPOLATED,,,,,,missing_branchwise_public_detail,yes,no,Fixed zonal library; higher-order DPL public service point. Coordinates are Google-geocoded and are internal-use until independently verified.
dpl_sarojini_nagar_0022,Sarojini Nagar,zonal_library,zonal_library,20,fixed_full_service,south,"Delhi Public Library, H-block, Near Main Market, Sarojini Nagar, New Delhi-110023",28.57541837075426,77.1939355577162,located,google_geocode,verified,google_maps_embed,,,,,,missing_branchwise_public_detail,yes,no,Fixed zonal library; higher-order DPL public service point. Coordinates are Google-geocoded and are internal-use until independently verified.
dpl_patel_nagar_0029,Patel Nagar,zonal_library,zonal_library,20,fixed_full_service,west,"Delhi Public Library (Kedarnath Sahni Adhayan Kendra), 9/11 East Patel Nagar (Second & Third Floor), Near Kingston Hotel, New Delhi- 110008",28.6446592,77.1726977,located,google_geocode,verified,google_maps_url,,,,,,missing_branchwise_public_detail,yes,no,Fixed zonal library; higher-order DPL public service point. Coordinates are Google-geocoded and are internal-use until independently verified.
dpl_kalyan_puri_0006,Kalyan Puri,branch_library,fixed_library,30,fixed_full_service,east,"Delhi Public Library, Community Centre, Block No-1, Kalyan Puri, Delhi-110091",28.6150302,77.3165692,located,source_or_dpl_map,dpl_maps_pin,dpl_google_maps,,,,,,missing_branchwise_public_detail,yes,yes,Fixed branch-like public service point parsed from DPL zone pages.
dpl_nand_nagari_closed_0007,Nand Nagari Closed,branch_library,fixed_library,30,fixed_full_service,east,"Delhi Public Library, M.C.D Community Centre, Block-4, Nand Nagari, Delhi-110093",28.695058,77.308274,located,source_or_dpl_map,dpl_maps_pin,dpl_google_maps,,,,,,missing_branchwise_public_detail,yes,yes,Fixed branch-like public service point parsed from DPL zone pages.
dpl_seelam_pur_0008,Seelam Pur,branch_library,fixed_library,30,fixed_full_service,east,"Delhi Public Library, D.D.A Community Centre, Seelam Pur, Delhi-110053",28.672675,77.2755344,located,source_or_dpl_map,dpl_maps_pin,dpl_google_maps,,,,,,missing_branchwise_public_detail,yes,yes,Fixed branch-like public service point parsed from DPL zone pages.
dpl_aruna_nagar_0016,Aruna Nagar,branch_library,fixed_library,30,fixed_full_service,north,"Delhi Public Library, Community Centre, Majnu Ka Teela, Aruna Nagar, Delhi-110054",28.6989542,77.2253627,located,source_or_dpl_map,dpl_maps_pin,dpl_google_maps,,,,,,missing_branchwise_public_detail,yes,yes,Fixed branch-like public service point parsed from DPL zone pages.
dpl_jwala_puri_0019,Jwala Puri,branch_library,fixed_library,30,fixed_full_service,north,"Delhi Public Library, Delhi Nagar Nigam Bhawan, North Zone, Ward No. 42, Opp. DTC Depot., Jwala Puri, Delhi-110087",28.6806932,77.0775823,located,source_or_dpl_map,dpl_maps_pin,dpl_google_maps,,,,,,missing_branchwise_public_detail,yes,yes,Fixed branch-like public service point parsed from DPL zone pages.
dpl_sangam_park_0017,Sangam Park,branch_library,fixed_library,30,fixed_full_service,north,"Delhi Public Library, Community Centre, Sangam Park, Delhi-110052",28.6981543,77.1797752,located,source_or_dpl_map,dpl_maps_pin,dpl_google_maps,,,,,,missing_branchwise_public_detail,yes,yes,Fixed branch-like public service point parsed from DPL zone pages.
dpl_shakur_pur_0018,Shakur Pur,branch_library,fixed_library,30,fixed_full_service,north,"Delhi Public Library, Community Centre, Near Samrat Cinema, Shakur Pur, Delhi-110034",28.6865875,77.1466934,located,source_or_dpl_map,dpl_maps_pin,dpl_google_maps,,,,,,missing_branchwise_public_detail,yes,yes,Fixed branch-like public service point parsed from DPL zone pages.
dpl_dakshin_puri_0027,Dakshin Puri,branch_library,fixed_library,30,fixed_full_service,south,"Delhi Public Library, Community Centre, Dakshin Puri, New Delhi-110062",28.5758248,77.194884,located,source_or_dpl_map,dpl_maps_pin,dpl_google_maps,,,,,,missing_branchwise_public_detail,yes,yes,Fixed branch-like public service point parsed from DPL zone pages.
dpl_braille_library_0023,Braille Library,special_fixed_library,fixed_library,35,fixed_full_service,south,"Delhi Public Library, Blind Relief Association, Near Oberoi Hotel, Lal Bahadur Shastri Marg, New Delhi-110003",28.5942745,77.2396303,located,source_or_dpl_map,dpl_maps_pin,dpl_google_maps,,,,,,missing_branchwise_public_detail,yes,yes,Fixed special-service library parsed from DPL zone pages.
dpl_new_police_line_0002,New Police Line,sub_branch_library,sub_branch_library,40,fixed_local_service,central,"Delhi Public Library, New Police Line, GTB Nagar, Delhi, 110009",28.6980155,77.199018,located,source_or_dpl_map,dpl_maps_pin,dpl_google_maps,,,,,,missing_branchwise_public_detail,yes,yes,Fixed local sub-branch parsed from DPL zone pages.
dpl_vigyan_vihar_0005,Vigyan Vihar,sub_branch_library,sub_branch_library,40,fixed_local_service,east,"Delhi Public Library, Adjacent to RWA Society Office, Near Raghunath Mandir, Vigyan Vihar, Delhi-110092",28.6606745,77.3119806,located,source_or_dpl_map,dpl_maps_pin,dpl_google_maps,,,,,,missing_branchwise_public_detail,yes,yes,Fixed local sub-branch parsed from DPL zone pages.
dpl_yojna_vihar_0004,Yojna Vihar,sub_branch_library,sub_branch_library,40,fixed_local_service,east,"Delhi Public Library, Yojna Vihar Housing Society, Yojna Vihar, Delhi-110092",28.6618613,77.3166996,located,source_or_dpl_map,dpl_maps_pin,dpl_google_maps,,,,,,missing_branchwise_public_detail,yes,yes,Fixed local sub-branch parsed from DPL zone pages.
dpl_ashok_vihar_0009,Ashok Vihar,sub_branch_library,sub_branch_library,40,fixed_local_service,north,"Delhi Public Library, A Block, Phase-2, Opp. Plot No. A-69, Near Shree Ram Global School, Ashok Vihar, Delhi-110052",28.69847194805336,77.17806468554012,located,google_geocode,verified,google_maps_embed,,,,,,missing_branchwise_public_detail,yes,no,Fixed local sub-branch parsed from DPL zone pages. Coordinates are Google-geocoded and are internal-use until independently verified.
dpl_bagh_kare_khan_0011,Bagh Kare Khan,sub_branch_library,sub_branch_library,40,fixed_local_service,north,"Delhi Public Library, Bagh Kare Khan Community Centre, Delhi-110007",28.661638,77.187574,located,source_or_dpl_map,dpl_maps_pin,dpl_google_maps,,,,,,missing_branchwise_public_detail,yes,yes,Fixed local sub-branch parsed from DPL zone pages.
dpl_bawana_0014,Bawana,sub_branch_library,sub_branch_library,40,fixed_local_service,north,"Delhi Public Library, Opp. Aditi Mahavidyalaya, Auchandi Border Road, Bawana, Delhi-110039",28.7965903,77.0353332,located,source_or_dpl_map,dpl_maps_pin,dpl_google_maps,,,,,,missing_branchwise_public_detail,yes,yes,Fixed local sub-branch parsed from DPL zone pages.
dpl_katewara_0013,Katewara,sub_branch_library,sub_branch_library,40,fixed_local_service,north,"Delhi Public Library, Gramin Choupal, Katewara Village, Delhi-110039",28.8032614,76.9747461,located,source_or_dpl_map,dpl_maps_pin,dpl_google_maps,,,,,,missing_branchwise_public_detail,yes,yes,Fixed local sub-branch parsed from DPL zone pages.
dpl_mundka_closed_0020,Mundka Closed,sub_branch_library,sub_branch_library,40,fixed_local_service,north,"Delhi Public Library, Community Centre, Near Supar Bazar, Mundka Village, New Delhi-110041",28.6754791,77.02829349999999,located,google_geocode,google_verified,google:ROOFTOP,,,,,,missing_branchwise_public_detail,yes,no,Fixed local sub-branch parsed from DPL zone pages. Coordinates are Google-geocoded and are internal-use until independently verified.
dpl_narela_0015,Narela,sub_branch_library,sub_branch_library,40,fixed_local_service,north,"Delhi Public Library, Opp. Police Station, Narela, Delhi-110040",28.853435,77.08897,located,source_or_dpl_map,dpl_maps_pin,dpl_google_maps,,,,,,missing_branchwise_public_detail,yes,yes,Fixed local sub-branch parsed from DPL zone pages.
dpl_new_rohtak_road_0010,New Rohtak Road,sub_branch_library,sub_branch_library,40,fixed_local_service,north,"Delhi Public Library, C-Block, Community Centre, New Rohtak Road, New Delhi-110005",28.661638,77.187574,located,source_or_dpl_map,dpl_maps_pin,dpl_google_maps,,,,,,missing_branchwise_public_detail,yes,yes,Fixed local sub-branch parsed from DPL zone pages.
dpl_qadi_pur_0012,Qadi Pur,sub_branch_library,sub_branch_library,40,fixed_local_service,north,"Delhi Public Library, Chaupal Kushak No-2, Kh. No. 1176 Delhi-110036",28.7664744,77.1631046,located,source_or_dpl_map,dpl_maps_pin,dpl_google_maps,,,,,,missing_branchwise_public_detail,yes,yes,Fixed local sub-branch parsed from DPL zone pages.
dpl_andrews_gunj_0025,Andrews Gunj,sub_branch_library,sub_branch_library,40,fixed_local_service,south,"Delhi Public Library, Community Centre, Andrews Ganj, New Delhi-110049",28.5649955,77.2294269,located,source_or_dpl_map,dpl_maps_pin,dpl_google_maps,,,,,,missing_branchwise_public_detail,yes,yes,Fixed local sub-branch parsed from DPL zone pages.
dpl_r_k_puram_sector_8_0024,"R.K.Puram, Sector-8",sub_branch_library,sub_branch_library,40,fixed_local_service,south,"Delhi Public Library, Flat no 3 and 4, Sector-8 Market, R.K.Puram, New Delhi-110022",28.5726881,77.1670568,located,source_or_dpl_map,dpl_maps_pin,dpl_google_maps,,,,,,missing_branchwise_public_detail,yes,yes,Fixed local sub-branch parsed from DPL zone pages.
dpl_vinoba_puri_0026,Vinoba Puri,sub_branch_library,sub_branch_library,40,fixed_local_service,south,"Delhi Public Library, Cultural Centre, Ground Floor, Near Vinoba Puri Metro Station, Vinoba Puri,New Delhi-110024",28.567022,77.248224,located,source_or_dpl_map,dpl_maps_pin,dpl_google_maps,,,,,,missing_branchwise_public_detail,yes,yes,Fixed local sub-branch parsed from DPL zone pages.
dpl_diz_area_0032,DIZ. Area,sub_branch_library,sub_branch_library,40,fixed_local_service,west,"Delhi Public Library, Samaj Sadan, Grih Kalyan Kendra, R.K.Ashram Marg, DIZ Area, New Delhi-110001",28.635237,77.203805,located,source_or_dpl_map,dpl_maps_pin,dpl_google_maps,,,,,,missing_branchwise_public_detail,yes,yes,Fixed local sub-branch parsed from DPL zone pages.
dpl_janak_puri_0030,Janak Puri,sub_branch_library,sub_branch_library,40,fixed_local_service,west,"Delhi Public Library, Community Centre, C Block, Behind Janak Cinema, New Delhi-110058",28.6121455,77.0950019,located,source_or_dpl_map,dpl_maps_pin,dpl_google_maps,,,,,,missing_branchwise_public_detail,yes,yes,Fixed local sub-branch parsed from DPL zone pages.
dpl_kasturba_gandhi_marg_0033,Kasturba Gandhi Marg,sub_branch_library,sub_branch_library,40,fixed_local_service,west,"Delhi Public Library, Asia House (First Floor), Near Vidhya Bharati School, K.G.Marg, New Delhi-110001",28.6208403,77.2260704,located,source_or_dpl_map,dpl_maps_pin,dpl_google_maps,,,,,,missing_branchwise_public_detail,yes,yes,Fixed local sub-branch parsed from DPL zone pages.
dpl_peshwa_road_0031,Peshwa Road,sub_branch_library,sub_branch_library,40,fixed_local_service,west,"Delhi Public Library, Samaj Sadan 1st floor, Grih Kalyan Kendra, Near Gole Market, New Delhi-110001",28.635237,77.203805,located,source_or_dpl_map,dpl_maps_pin,dpl_google_maps,,,,,,missing_branchwise_public_detail,yes,yes,Fixed local sub-branch parsed from DPL zone pages.
dpl_tihar_jail_0035,Tihar Jail,sub_branch_library,sub_branch_library,40,fixed_local_service,west,"Delhi Public Library, Gate No 2, Tihar Jail complex, New Delhi-110064",28.620507,77.099508,located,source_or_dpl_map,dpl_maps_pin,dpl_google_maps,,,,,,missing_branchwise_public_detail,yes,yes,Fixed local sub-branch parsed from DPL zone pages.
dpl_tri_nagar_0034,Tri Nagar,sub_branch_library,sub_branch_library,40,fixed_local_service,west,"Delhi Public Library, MCD Building, Talab Road, Totaram Bazar, Tri Nagar, Delhi-110035",28.6764093,77.1626385,located,source_or_dpl_map,dpl_maps_pin,dpl_google_maps,,,,,,missing_branchwise_public_detail,yes,yes,Fixed local sub-branch parsed from DPL zone pages.
dpl_lodhi_colony_0028,Lodhi Colony,community_library,community_library,50,fixed_local_service,south,"Delhi Public Library, Community Centre, Lodhi Colony, New Delhi-110003",28.5843945,77.2247873,located,source_or_dpl_map,dpl_maps_pin,dpl_google_maps,,,,,,missing_branchwise_public_detail,yes,yes,Fixed community library parsed from DPL zone pages.
dpl_mobile_service_point_001_0036,Mobile Service Point 001,mobile_service_point,mobile_service_point,60,scheduled_mobile_stop,mobile,"RWA Pocket-2, Near Mayur Vihar Police Station, Mayur Vihar, Phase I, Delhi",28.6071444,77.304062,located,google_geocode,google_verified,google:ROOFTOP,,,,,,missing_branchwise_public_detail,yes,no,Scheduled mobile-library stop; not equivalent to a permanent branch. Coordinates are Google-geocoded and are internal-use until independently verified.
dpl_mobile_service_point_002_0037,Mobile Service Point 002,mobile_service_point,mobile_service_point,60,scheduled_mobile_stop,mobile,"The East End Apartments, Mayur Vihar-I, Near New Ashok Nagar Metro Station, Delhi",28.6042259,77.289608,located,google_geocode,google_approx,google:GEOMETRIC_CENTER,,,,,,missing_branchwise_public_detail,yes,no,Scheduled mobile-library stop; not equivalent to a permanent branch. Coordinates are Google-geocoded and are internal-use until independently verified.
dpl_mobile_service_point_003_0038,Mobile Service Point 003,mobile_service_point,mobile_service_point,60,scheduled_mobile_stop,mobile,"DDA Flats, Near Batra Cinema, Mukherji Nagar, Delhi",28.7274374,77.16332760000002,located,google_geocode,google_verified,google:ROOFTOP,,,,,,missing_branchwise_public_detail,yes,no,Scheduled mobile-library stop; not equivalent to a permanent branch. Coordinates are Google-geocoded and are internal-use until independently verified.
dpl_mobile_service_point_004_0039,Mobile Service Point 004,mobile_service_point,mobile_service_point,60,scheduled_mobile_stop,mobile,"Near Shalimar Park, Main Road, Model Town Pt-II, Delhi",28.7128805,77.1767616,located,google_geocode,google_approx,google:GEOMETRIC_CENTER,,,,,,missing_branchwise_public_detail,yes,no,Scheduled mobile-library stop; not equivalent to a permanent branch. Coordinates are Google-geocoded and are internal-use until independently verified.
dpl_mobile_service_point_005_0040,Mobile Service Point 005,mobile_service_point,mobile_service_point,60,scheduled_mobile_stop,mobile,"Arya Samaj Road, B-Block, Near Meerut Sweets, Main Road, Majlis Park, Delhi-33",28.7163662,77.17842379999999,located,google_geocode,google_verified,google:ROOFTOP,,,,,,missing_branchwise_public_detail,yes,no,Scheduled mobile-library stop; not equivalent to a permanent branch. Coordinates are Google-geocoded and are internal-use until independently verified.
dpl_mobile_service_point_006_0041,Mobile Service Point 006,mobile_service_point,mobile_service_point,60,scheduled_mobile_stop,mobile,"Opp. Amar Farm, East Gokul Pur, Delhi",28.7042727,77.3002127,located,google_geocode,google_approx,google:APPROXIMATE,,,,,,missing_branchwise_public_detail,yes,no,Scheduled mobile-library stop; not equivalent to a permanent branch. Coordinates are Google-geocoded and are internal-use until independently verified.
dpl_mobile_service_point_007_0042,Mobile Service Point 007,mobile_service_point,mobile_service_point,60,scheduled_mobile_stop,mobile,"Opp.Tyagi Dairy, Mandoli Road, Ashok Nagar, Delhi-94",28.6914499,77.3000783,located,google_geocode,google_verified,google:ROOFTOP,,,,,,missing_branchwise_public_detail,yes,no,Scheduled mobile-library stop; not equivalent to a permanent branch. Coordinates are Google-geocoded and are internal-use until independently verified.
dpl_mobile_service_point_008_0043,Mobile Service Point 008,mobile_service_point,mobile_service_point,60,scheduled_mobile_stop,mobile,"Residential Quarter, Z Block (4 Storeyed Quarter), Timar Pur, Delhi-54",28.6986023,77.0477775,located,google_geocode,google_verified,google:ROOFTOP,,,,,,missing_branchwise_public_detail,yes,no,Scheduled mobile-library stop; not equivalent to a permanent branch. Coordinates are Google-geocoded and are internal-use until independently verified.
dpl_mobile_service_point_009_0044,Mobile Service Point 009,mobile_service_point,mobile_service_point,60,scheduled_mobile_stop,mobile,"Delhi Administrative Colony, Timar Pur, Delhi-54",28.6704363,77.22057629999999,located,google_geocode,google_verified,google:ROOFTOP,,,,,,missing_branchwise_public_detail,yes,no,Scheduled mobile-library stop; not equivalent to a permanent branch. Coordinates are Google-geocoded and are internal-use until independently verified.
dpl_mobile_service_point_010_0045,Mobile Service Point 010,mobile_service_point,mobile_service_point,60,scheduled_mobile_stop,mobile,"Near Bloom Field Public School, DDA Flats, Dilshad Garden, Delhi-93",28.6828583,77.32317669999999,located,google_geocode,google_verified,google:ROOFTOP,,,,,,missing_branchwise_public_detail,yes,no,Scheduled mobile-library stop; not equivalent to a permanent branch. Coordinates are Google-geocoded and are internal-use until independently verified.
dpl_mobile_service_point_011_0046,Mobile Service Point 011,mobile_service_point,mobile_service_point,60,scheduled_mobile_stop,mobile,"Near Sports Complex, Janta Flats, Guru Teg Bahadur Enclave, Delhi-93",28.6893556,77.3119768,located,google_geocode,google_approx,google:GEOMETRIC_CENTER,,,,,,missing_branchwise_public_detail,yes,no,Scheduled mobile-library stop; not equivalent to a permanent branch. Coordinates are Google-geocoded and are internal-use until independently verified.
dpl_mobile_service_point_012_0047,Mobile Service Point 012,mobile_service_point,mobile_service_point,60,scheduled_mobile_stop,mobile,"Near Rath Wala Mandir, Main Road, Yamuna Vihar, Delhi-53",28.700191,77.281958,located,google_geocode,google_verified,google:ROOFTOP,,,,,,missing_branchwise_public_detail,yes,no,Scheduled mobile-library stop; not equivalent to a permanent branch. Coordinates are Google-geocoded and are internal-use until independently verified.
dpl_mobile_service_point_013_0048,Mobile Service Point 013,mobile_service_point,mobile_service_point,60,scheduled_mobile_stop,mobile,"Near Birla Mil Staff Quarters, Kamla Nagar, Delhi-07",28.6856508,77.20240419999999,located,google_geocode,google_verified,google:ROOFTOP,,,,,,missing_branchwise_public_detail,yes,no,Scheduled mobile-library stop; not equivalent to a permanent branch. Coordinates are Google-geocoded and are internal-use until independently verified.
dpl_mobile_service_point_014_0049,Mobile Service Point 014,mobile_service_point,mobile_service_point,60,scheduled_mobile_stop,mobile,"Near Govt. Girls Sr. Sec. School, Nagia Park, Shakti Nagar, Delhi-07",28.6797287,77.19580479999999,located,google_geocode,google_approx,google:GEOMETRIC_CENTER,,,,,,missing_branchwise_public_detail,yes,no,Scheduled mobile-library stop; not equivalent to a permanent branch. Coordinates are Google-geocoded and are internal-use until independently verified.
dpl_mobile_service_point_015_0050,Mobile Service Point 015,mobile_service_point,mobile_service_point,60,scheduled_mobile_stop,mobile,"Near DDA Flats, Ashok Vihar, Delhi",28.7012492,77.1294954,located,google_geocode,google_approx,google:GEOMETRIC_CENTER,,,,,,missing_branchwise_public_detail,yes,no,Scheduled mobile-library stop; not equivalent to a permanent branch. Coordinates are Google-geocoded and are internal-use until independently verified.
dpl_mobile_service_point_016_0051,Mobile Service Point 016,mobile_service_point,mobile_service_point,60,scheduled_mobile_stop,mobile,"CRPF Camp, Mayur Vihar-III, Delhi",28.6117165,77.339893,located,google_geocode,google_approx,google:GEOMETRIC_CENTER,,,,,,missing_branchwise_public_detail,yes,no,Scheduled mobile-library stop; not equivalent to a permanent branch. Coordinates are Google-geocoded and are internal-use until independently verified.
dpl_mobile_service_point_017_0052,Mobile Service Point 017,mobile_service_point,mobile_service_point,60,scheduled_mobile_stop,mobile,Near church block 13 Trilokpuri Delhi.,28.6112845,77.3071338,located,google_geocode,google_approx,google:APPROXIMATE,,,,,,missing_branchwise_public_detail,yes,no,Scheduled mobile-library stop; not equivalent to a permanent branch. Coordinates are Google-geocoded and are internal-use until independently verified.
dpl_mobile_service_point_018_0053,Mobile Service Point 018,mobile_service_point,mobile_service_point,60,scheduled_mobile_stop,mobile,Opposite to D7 market Vishram Chowk Sector 5 Delhi.,28.7109675,77.1049628,located,google_geocode,google_verified,google:ROOFTOP,,,,,,missing_branchwise_public_detail,yes,no,Scheduled mobile-library stop; not equivalent to a permanent branch. Coordinates are Google-geocoded and are internal-use until independently verified.
dpl_mobile_service_point_019_0054,Mobile Service Point 019,mobile_service_point,mobile_service_point,60,scheduled_mobile_stop,mobile,Govt. Co-ed. Senior secondary school Shahbad dairy Near Sant Javiour school Main road Delhi-110042,28.717251,77.175591,located,google_geocode,google_approx,google:GEOMETRIC_CENTER,,,,,,missing_branchwise_public_detail,yes,no,Scheduled mobile-library stop; not equivalent to a permanent branch. Coordinates are Google-geocoded and are internal-use until independently verified.
dpl_mobile_service_point_020_0055,Mobile Service Point 020,mobile_service_point,mobile_service_point,60,scheduled_mobile_stop,mobile,Opposite Gomti appartment gate Kalkaji extension New Delhi.,28.5273901,77.2618876,located,google_geocode,google_approx,google:GEOMETRIC_CENTER,,,,,,missing_branchwise_public_detail,yes,no,Scheduled mobile-library stop; not equivalent to a permanent branch. Coordinates are Google-geocoded and are internal-use until independently verified.
dpl_mobile_service_point_021_0056,Mobile Service Point 021,mobile_service_point,mobile_service_point,60,scheduled_mobile_stop,mobile,Gate no. 1 Najeevan Vihar Delhi,28.5334761,77.1995558,located,google_geocode,google_verified,google:ROOFTOP,,,,,,missing_branchwise_public_detail,yes,no,Scheduled mobile-library stop; not equivalent to a permanent branch. Coordinates are Google-geocoded and are internal-use until independently verified.
dpl_mobile_service_point_022_0057,Mobile Service Point 022,mobile_service_point,mobile_service_point,60,scheduled_mobile_stop,mobile,Near water booster pumping station Delhi jal Boad block G sector 15 Rohini Delhi-110085,28.73155269999999,77.12766289999999,located,google_geocode,google_approx,google:APPROXIMATE,,,,,,missing_branchwise_public_detail,yes,no,Scheduled mobile-library stop; not equivalent to a permanent branch. Coordinates are Google-geocoded and are internal-use until independently verified.
dpl_mobile_service_point_023_0058,Mobile Service Point 023,mobile_service_point,mobile_service_point,60,scheduled_mobile_stop,mobile,"Sai Chowk RWA, Pocket E Near Canara bank,Mayur Vihar, Phase-2 Delhi-110091",28.618626,77.296875,located,google_geocode,google_approx,google:GEOMETRIC_CENTER,,,,,,missing_branchwise_public_detail,yes,no,Scheduled mobile-library stop; not equivalent to a permanent branch. Coordinates are Google-geocoded and are internal-use until independently verified.
dpl_mobile_service_point_024_0059,Mobile Service Point 024,mobile_service_point,mobile_service_point,60,scheduled_mobile_stop,mobile,"Glaxo Apartment Main Gate, Mayur Vihar Phase-I, Delhi-91",28.6146243,77.3121575,located,google_geocode,google_approx,google:APPROXIMATE,,,,,,missing_branchwise_public_detail,yes,no,Scheduled mobile-library stop; not equivalent to a permanent branch. Coordinates are Google-geocoded and are internal-use until independently verified.
dpl_mobile_service_point_025_0060,Mobile Service Point 025,mobile_service_point,mobile_service_point,60,scheduled_mobile_stop,mobile,"Near Tikona Park, Main Market , opp. House No. 9/37 and 15/27, Subhash Nagar, New Delhi",28.6354975,77.1197004,located,google_geocode,google_verified,google:ROOFTOP,,,,,,missing_branchwise_public_detail,yes,no,Scheduled mobile-library stop; not equivalent to a permanent branch. Coordinates are Google-geocoded and are internal-use until independently verified.
dpl_mobile_service_point_026_0061,Mobile Service Point 026,mobile_service_point,mobile_service_point,60,scheduled_mobile_stop,mobile,"Near Deendayal Hospital and Swargasram MIG flats, Mayapuri, New Delhi",28.6211381,77.1118407,located,google_geocode,google_approx,google:APPROXIMATE,,,,,,missing_branchwise_public_detail,yes,no,Scheduled mobile-library stop; not equivalent to a permanent branch. Coordinates are Google-geocoded and are internal-use until independently verified.
dpl_mobile_service_point_027_0062,Mobile Service Point 027,mobile_service_point,mobile_service_point,60,scheduled_mobile_stop,mobile,"South Delhi Municipal Corporation office, E-24 Greater Kailash, New Delhi-110048",28.5732747,77.1733778,located,google_geocode,google_verified,google:ROOFTOP,,,,,,missing_branchwise_public_detail,yes,no,Scheduled mobile-library stop; not equivalent to a permanent branch. Coordinates are Google-geocoded and are internal-use until independently verified.
dpl_mobile_service_point_028_0063,Mobile Service Point 028,mobile_service_point,mobile_service_point,60,scheduled_mobile_stop,mobile,"A- Block Quarter Pandara Road, New Delhi",28.6045971,77.2289146,located,google_geocode,google_verified,google:ROOFTOP,,,,,,missing_branchwise_public_detail,yes,no,Scheduled mobile-library stop; not equivalent to a permanent branch. Coordinates are Google-geocoded and are internal-use until independently verified.
dpl_mobile_service_point_029_0064,Mobile Service Point 029,mobile_service_point,mobile_service_point,60,scheduled_mobile_stop,mobile,"Snatan Dharam Mandir, Ambika Vihar, Near Paschim Vihar, New Delhi",28.6625868,77.1063308,located,google_geocode,google_verified,google:ROOFTOP,,,,,,missing_branchwise_public_detail,yes,no,Scheduled mobile-library stop; not equivalent to a permanent branch. Coordinates are Google-geocoded and are internal-use until independently verified.
dpl_mobile_service_point_030_0065,Mobile Service Point 030,mobile_service_point,mobile_service_point,60,scheduled_mobile_stop,mobile,"Near Telephone Exchange, Sunder Vihar, New Delhi",28.5661818,77.1648551,located,google_geocode,google_verified,google:ROOFTOP,,,,,,missing_branchwise_public_detail,yes,no,Scheduled mobile-library stop; not equivalent to a permanent branch. Coordinates are Google-geocoded and are internal-use until independently verified.
dpl_mobile_service_point_031_0066,Mobile Service Point 031,mobile_service_point,mobile_service_point,60,scheduled_mobile_stop,mobile,"Near Palam Vihar Village, Dwarka, Palam Vihar, New Delhi.",28.5146969,77.0348848,located,google_geocode,google_approx,google:APPROXIMATE,,,,,,missing_branchwise_public_detail,yes,no,Scheduled mobile-library stop; not equivalent to a permanent branch. Coordinates are Google-geocoded and are internal-use until independently verified.
dpl_mobile_service_point_032_0067,Mobile Service Point 032,mobile_service_point,mobile_service_point,60,scheduled_mobile_stop,mobile,"Near Guru Ram Dass Public Middle School and Gurudwara, Tagore Garden, New Delhi-27",28.6454794,77.1136586,located,google_geocode,google_verified,google:ROOFTOP,,,,,,missing_branchwise_public_detail,yes,no,Scheduled mobile-library stop; not equivalent to a permanent branch. Coordinates are Google-geocoded and are internal-use until independently verified.
dpl_mobile_service_point_033_0068,Mobile Service Point 033,mobile_service_point,mobile_service_point,60,scheduled_mobile_stop,mobile,"F Block, Near Park, Prashant Vihar, New Delhi",28.7157406,77.1351454,located,google_geocode,google_approx,google:APPROXIMATE,,,,,,missing_branchwise_public_detail,yes,no,Scheduled mobile-library stop; not equivalent to a permanent branch. Coordinates are Google-geocoded and are internal-use until independently verified.
dpl_mobile_service_point_034_0069,Mobile Service Point 034,mobile_service_point,mobile_service_point,60,scheduled_mobile_stop,mobile,"Near Railway Colony Gate, Shakur Basti, Delhi",28.6816903,77.1305395,located,google_geocode,google_approx,google:APPROXIMATE,,,,,,missing_branchwise_public_detail,yes,no,Scheduled mobile-library stop; not equivalent to a permanent branch. Coordinates are Google-geocoded and are internal-use until independently verified.
dpl_mobile_service_point_035_0070,Mobile Service Point 035,mobile_service_point,mobile_service_point,60,scheduled_mobile_stop,mobile,"Near Friendly Welfare Association office Flat No. A3/195, Paschim Vihar, New Delhi-110063",28.6698791,77.10691640000002,located,google_geocode,google_approx,google:APPROXIMATE,,,,,,missing_branchwise_public_detail,yes,no,Scheduled mobile-library stop; not equivalent to a permanent branch. Coordinates are Google-geocoded and are internal-use until independently verified.
dpl_mobile_service_point_036_0071,Mobile Service Point 036,mobile_service_point,mobile_service_point,60,scheduled_mobile_stop,mobile,"Paschim Vihar B-4, New Delhi",28.5665463,77.162787,located,google_geocode,google_approx,google:GEOMETRIC_CENTER,,,,,,missing_branchwise_public_detail,yes,no,Scheduled mobile-library stop; not equivalent to a permanent branch. Coordinates are Google-geocoded and are internal-use until independently verified.
dpl_mobile_service_point_037_0072,Mobile Service Point 037,mobile_service_point,mobile_service_point,60,scheduled_mobile_stop,mobile,Kendriya Karmachari Awas Parisar Mohammadpur Delhi,28.5653646,77.1880559,located,google_geocode,google_approx,google:APPROXIMATE,,,,,,missing_branchwise_public_detail,yes,no,Scheduled mobile-library stop; not equivalent to a permanent branch. Coordinates are Google-geocoded and are internal-use until independently verified.
dpl_mobile_service_point_038_0073,Mobile Service Point 038,mobile_service_point,mobile_service_point,60,scheduled_mobile_stop,mobile,Loksabha sachivalay Awas Parisar R.K. Puram Sector-02 Delhi,28.5667762,77.1981014,located,google_geocode,google_verified,google:ROOFTOP,,,,,,missing_branchwise_public_detail,yes,no,Scheduled mobile-library stop; not equivalent to a permanent branch. Coordinates are Google-geocoded and are internal-use until independently verified.
dpl_mobile_service_point_039_0074,Mobile Service Point 039,mobile_service_point,mobile_service_point,60,scheduled_mobile_stop,mobile,"C-Block, J.J. Colony, Near Delhi Library Association",28.6266383,77.0611235,located,google_geocode,google_approx,google:APPROXIMATE,,,,,,missing_branchwise_public_detail,yes,no,Scheduled mobile-library stop; not equivalent to a permanent branch. Coordinates are Google-geocoded and are internal-use until independently verified.
dpl_mobile_service_point_040_0075,Mobile Service Point 040,mobile_service_point,mobile_service_point,60,scheduled_mobile_stop,mobile,"Near Mini Stadium, Naraina Vihar, Delhi",28.6234055,77.13732519999999,located,google_geocode,google_verified,google:ROOFTOP,,,,,,missing_branchwise_public_detail,yes,no,Scheduled mobile-library stop; not equivalent to a permanent branch. Coordinates are Google-geocoded and are internal-use until independently verified.
dpl_mobile_service_point_041_0076,Mobile Service Point 041,mobile_service_point,mobile_service_point,60,scheduled_mobile_stop,mobile,"Near DDA Office, Shahpur Jat, Delhi",28.5497895,77.2149108,located,google_geocode,google_verified,google:ROOFTOP,,,,,,missing_branchwise_public_detail,yes,no,Scheduled mobile-library stop; not equivalent to a permanent branch. Coordinates are Google-geocoded and are internal-use until independently verified.
dpl_mobile_service_point_042_0077,Mobile Service Point 042,mobile_service_point,mobile_service_point,60,scheduled_mobile_stop,mobile,"Near Mother Dairy, Khel Gaon, Shahpur Jat, Delhi",28.550666,77.21086749999999,located,google_geocode,google_approx,google:GEOMETRIC_CENTER,,,,,,missing_branchwise_public_detail,yes,no,Scheduled mobile-library stop; not equivalent to a permanent branch. Coordinates are Google-geocoded and are internal-use until independently verified.
dpl_mobile_service_point_043_0078,Mobile Service Point 043,mobile_service_point,mobile_service_point,60,scheduled_mobile_stop,mobile,"Green View Aptt. Dwarka, Sector-19, New Delhi",28.5819386,77.05042619999999,located,google_geocode,google_approx,google:GEOMETRIC_CENTER,,,,,,missing_branchwise_public_detail,yes,no,Scheduled mobile-library stop; not equivalent to a permanent branch. Coordinates are Google-geocoded and are internal-use until independently verified.
dpl_mobile_service_point_044_0079,Mobile Service Point 044,mobile_service_point,mobile_service_point,60,scheduled_mobile_stop,mobile,"Sector-A, Pocket-C Gate No. 2 Vasant Kunj Delhi",28.6874091,76.9982493,located,google_geocode,google_verified,google:ROOFTOP,,,,,,missing_branchwise_public_detail,yes,no,Scheduled mobile-library stop; not equivalent to a permanent branch. Coordinates are Google-geocoded and are internal-use until independently verified.
dpl_mobile_service_point_045_0080,Mobile Service Point 045,mobile_service_point,mobile_service_point,60,scheduled_mobile_stop,mobile,"Near Market,R.K Puram Sector-4 ,New Delhi",28.5580188,77.17871140000001,located,google_geocode,google_approx,google:APPROXIMATE,,,,,,missing_branchwise_public_detail,yes,no,Scheduled mobile-library stop; not equivalent to a permanent branch. Coordinates are Google-geocoded and are internal-use until independently verified.
dpl_mobile_service_point_046_0081,Mobile Service Point 046,mobile_service_point,mobile_service_point,60,scheduled_mobile_stop,mobile,Dussehra Medan Gandhi Vihar Delhi,28.7212097,77.2139292,located,google_geocode,google_approx,google:APPROXIMATE,,,,,,missing_branchwise_public_detail,yes,no,Scheduled mobile-library stop; not equivalent to a permanent branch. Coordinates are Google-geocoded and are internal-use until independently verified.
dpl_mobile_service_point_047_0082,Mobile Service Point 047,mobile_service_point,mobile_service_point,60,scheduled_mobile_stop,mobile,Biodiversity Park Wazirabad Delhi,28.7317287,77.2197626,located,google_geocode,google_verified,google:ROOFTOP,,,,,,missing_branchwise_public_detail,yes,no,Scheduled mobile-library stop; not equivalent to a permanent branch. Coordinates are Google-geocoded and are internal-use until independently verified.
dpl_mobile_service_point_048_0083,Mobile Service Point 048,mobile_service_point,mobile_service_point,60,scheduled_mobile_stop,mobile,"Opp. M.C. D Primary School, Main Road, Bakhtawar Pur Village, Delhi",28.8255474,77.17435499999999,located,google_geocode,google_verified,google:ROOFTOP,,,,,,missing_branchwise_public_detail,yes,no,Scheduled mobile-library stop; not equivalent to a permanent branch. Coordinates are Google-geocoded and are internal-use until independently verified.
dpl_mobile_service_point_049_0084,Mobile Service Point 049,mobile_service_point,mobile_service_point,60,scheduled_mobile_stop,mobile,"Palla Village Main Road, Delhi",28.8436202,77.1849609,located,google_geocode,google_approx,google:APPROXIMATE,,,,,,missing_branchwise_public_detail,yes,no,Scheduled mobile-library stop; not equivalent to a permanent branch. Coordinates are Google-geocoded and are internal-use until independently verified.
dpl_mobile_service_point_050_0085,Mobile Service Point 050,mobile_service_point,mobile_service_point,60,scheduled_mobile_stop,mobile,"Geeta Bhawan Mandir, Malviya Nagar Road, Block-7, Malviya Nagar, New Delhi-110017",28.533145,77.2072694,located,google_geocode,google_verified,google:ROOFTOP,,,,,,missing_branchwise_public_detail,yes,no,Scheduled mobile-library stop; not equivalent to a permanent branch. Coordinates are Google-geocoded and are internal-use until independently verified.
dpl_mobile_service_point_051_0086,Mobile Service Point 051,mobile_service_point,mobile_service_point,60,scheduled_mobile_stop,mobile,"Old Shiv Mandir, Khanpur Bus Stand, Delhi-110076",28.5022811,77.2280811,located,google_geocode,google_approx,google:GEOMETRIC_CENTER,,,,,,missing_branchwise_public_detail,yes,no,Scheduled mobile-library stop; not equivalent to a permanent branch. Coordinates are Google-geocoded and are internal-use until independently verified.
dpl_mobile_service_point_052_0087,Mobile Service Point 052,mobile_service_point,mobile_service_point,60,scheduled_mobile_stop,mobile,"Near C.G.H.S Dispensary, Sector-1, Pushpvihar, Delhi",28.5230851,77.2194086,located,google_geocode,google_approx,google:GEOMETRIC_CENTER,,,,,,missing_branchwise_public_detail,yes,no,Scheduled mobile-library stop; not equivalent to a permanent branch. Coordinates are Google-geocoded and are internal-use until independently verified.
dpl_mobile_service_point_053_0088,Mobile Service Point 053,mobile_service_point,mobile_service_point,60,scheduled_mobile_stop,mobile,"R.W.A., H-Block, Gate No.2, Near Veer Singh Garhwal Sarvodaya Bal Vidyalaya Saket, New Delhi-110017",28.5725053,77.21173399999999,located,google_geocode,google_verified,google:ROOFTOP,,,,,,missing_branchwise_public_detail,yes,no,Scheduled mobile-library stop; not equivalent to a permanent branch. Coordinates are Google-geocoded and are internal-use until independently verified.
dpl_mobile_service_point_054_0089,Mobile Service Point 054,mobile_service_point,mobile_service_point,60,scheduled_mobile_stop,mobile,"RWA, Gate No.1, Pocket-C, Sarita Vihar, New Delhi-110074",28.5292663,77.28902389999999,located,google_geocode,google_verified,google:ROOFTOP,,,,,,missing_branchwise_public_detail,yes,no,Scheduled mobile-library stop; not equivalent to a permanent branch. Coordinates are Google-geocoded and are internal-use until independently verified.
dpl_mobile_service_point_055_0090,Mobile Service Point 055,mobile_service_point,mobile_service_point,60,scheduled_mobile_stop,mobile,"Old Shiv Mandir Kantheshwar Mahadev Mandir, Main Chowk Aligaon, New Delhi-110076",28.5310408,77.3213145,located,google_geocode,google_verified,google:ROOFTOP,,,,,,missing_branchwise_public_detail,yes,no,Scheduled mobile-library stop; not equivalent to a permanent branch. Coordinates are Google-geocoded and are internal-use until independently verified.
dpl_mobile_service_point_056_0091,Mobile Service Point 056,mobile_service_point,mobile_service_point,60,scheduled_mobile_stop,mobile,Commonwealth Khel Gaon Delhi,28.5530539,77.2156991,located,google_geocode,google_approx,google:GEOMETRIC_CENTER,,,,,,missing_branchwise_public_detail,yes,no,Scheduled mobile-library stop; not equivalent to a permanent branch. Coordinates are Google-geocoded and are internal-use until independently verified.
dpl_mobile_service_point_057_0092,Mobile Service Point 057,mobile_service_point,mobile_service_point,60,scheduled_mobile_stop,mobile,Near By Khichadipur Gurudwara East Vinod Nagar Delhi,28.62406,77.3092125,located,google_geocode,google_verified,google:ROOFTOP,,,,,,missing_branchwise_public_detail,yes,no,Scheduled mobile-library stop; not equivalent to a permanent branch. Coordinates are Google-geocoded and are internal-use until independently verified.
dpl_mobile_service_point_058_0093,Mobile Service Point 058,mobile_service_point,mobile_service_point,60,scheduled_mobile_stop,mobile,"Near Sarvodaya Girls School, Chandra Vihar, Delhi",28.6499708,77.0624888,located,google_geocode,google_approx,google:APPROXIMATE,,,,,,missing_branchwise_public_detail,yes,no,Scheduled mobile-library stop; not equivalent to a permanent branch. Coordinates are Google-geocoded and are internal-use until independently verified.
dpl_mobile_service_point_059_0094,Mobile Service Point 059,mobile_service_point,mobile_service_point,60,scheduled_mobile_stop,mobile,"Mandavali Village, Near Mayur Public School, Mandavali, Delhi",28.6269627,77.2952983,located,google_geocode,google_approx,google:APPROXIMATE,,,,,,missing_branchwise_public_detail,yes,no,Scheduled mobile-library stop; not equivalent to a permanent branch. Coordinates are Google-geocoded and are internal-use until independently verified.
dpl_mobile_service_point_060_0095,Mobile Service Point 060,mobile_service_point,mobile_service_point,60,scheduled_mobile_stop,mobile,"Near Golak Dham Mandir, Main Road, Bijwasan, Delhi",28.5340813,77.0595629,located,google_geocode,google_verified,google:ROOFTOP,,,,,,missing_branchwise_public_detail,yes,no,Scheduled mobile-library stop; not equivalent to a permanent branch. Coordinates are Google-geocoded and are internal-use until independently verified.
dpl_mobile_service_point_061_0096,Mobile Service Point 061,mobile_service_point,mobile_service_point,60,scheduled_mobile_stop,mobile,"Near PNB Bank Bus Stand, Deoli, Delhi",28.5019207,77.2297379,located,google_geocode,google_approx,google:APPROXIMATE,,,,,,missing_branchwise_public_detail,yes,no,Scheduled mobile-library stop; not equivalent to a permanent branch. Coordinates are Google-geocoded and are internal-use until independently verified.
dpl_mobile_service_point_062_0097,Mobile Service Point 062,mobile_service_point,mobile_service_point,60,scheduled_mobile_stop,mobile,"Near Delhi Jal Board, Filling Station",28.7040592,77.10249019999999,located,google_geocode,google_approx,google:APPROXIMATE,,,,,,missing_branchwise_public_detail,yes,no,Scheduled mobile-library stop; not equivalent to a permanent branch. Coordinates are Google-geocoded and are internal-use until independently verified.
dpl_mobile_service_point_063_0098,Mobile Service Point 063,mobile_service_point,mobile_service_point,60,scheduled_mobile_stop,mobile,"Central for Blind Women with disablility (NAB) L-25, Hauz Khas Enclave, New Delhi-110016",28.547569,77.20522729999999,located,google_geocode,google_verified,google:ROOFTOP,,,,,,missing_branchwise_public_detail,yes,no,Scheduled mobile-library stop; not equivalent to a permanent branch. Coordinates are Google-geocoded and are internal-use until independently verified.
dpl_mobile_service_point_064_0099,Mobile Service Point 064,mobile_service_point,mobile_service_point,60,scheduled_mobile_stop,mobile,"National Association for the blind R.K.Puram Sector-5, New Delhi-110022",28.560699,77.175038,located,google_geocode,google_approx,google:GEOMETRIC_CENTER,,,,,,missing_branchwise_public_detail,yes,no,Scheduled mobile-library stop; not equivalent to a permanent branch. Coordinates are Google-geocoded and are internal-use until independently verified.
dpl_mobile_service_point_065_0100,Mobile Service Point 065,mobile_service_point,mobile_service_point,60,scheduled_mobile_stop,mobile,"Janta Adarsh Blind School, Sirifort Road, Sadiq Nagar, New Delhi",28.5556414,77.2248879,located,google_geocode,google_verified,google:ROOFTOP,,,,,,missing_branchwise_public_detail,yes,no,Scheduled mobile-library stop; not equivalent to a permanent branch. Coordinates are Google-geocoded and are internal-use until independently verified.
dpl_mobile_service_point_066_0101,Mobile Service Point 066,mobile_service_point,mobile_service_point,60,scheduled_mobile_stop,mobile,"Blind Relief Association, Lal Bahadur Shastri Marg, Lodhi Road, New Delhi-3",28.5906005,77.2283205,located,google_geocode,google_verified,google:ROOFTOP,,,,,,missing_branchwise_public_detail,yes,no,Scheduled mobile-library stop; not equivalent to a permanent branch. Coordinates are Google-geocoded and are internal-use until independently verified.
dpl_mobile_service_point_067_0102,Mobile Service Point 067,mobile_service_point,mobile_service_point,60,scheduled_mobile_stop,mobile,"Institute for the Blind Girls Hostel Houses no. 25, gali no.2, Bhagat Colony, Sant Nagar, Burari Delhi",28.738094,77.18932400000001,located,google_geocode,google_verified,google:ROOFTOP,,,,,,missing_branchwise_public_detail,yes,no,Scheduled mobile-library stop; not equivalent to a permanent branch. Coordinates are Google-geocoded and are internal-use until independently verified.
dpl_mobile_service_point_068_0103,Mobile Service Point 068,mobile_service_point,mobile_service_point,60,scheduled_mobile_stop,mobile,"Govt. Blind Boys Sr.Sec. School, Seva Kutir and College Going Hostel, Delhi-9",28.5389781,77.2638336,located,google_geocode,google_approx,google:GEOMETRIC_CENTER,,,,,,missing_branchwise_public_detail,yes,no,Scheduled mobile-library stop; not equivalent to a permanent branch. Coordinates are Google-geocoded and are internal-use until independently verified.
dpl_mobile_service_point_069_0104,Mobile Service Point 069,mobile_service_point,mobile_service_point,60,scheduled_mobile_stop,mobile,"Blind Welfare Society, Main Road, Block X, 2/21 Mangolpuri, Delhi-83",28.7017394,77.07175889999999,located,google_geocode,google_verified,google:ROOFTOP,,,,,,missing_branchwise_public_detail,yes,no,Scheduled mobile-library stop; not equivalent to a permanent branch. Coordinates are Google-geocoded and are internal-use until independently verified.
dpl_mobile_service_point_070_0105,Mobile Service Point 070,mobile_service_point,mobile_service_point,60,scheduled_mobile_stop,mobile,"Divya Jyoti Niwas, Mangolpuri Khurd, Rohini Sector-1 Avantika Mor, Delhi",28.6986162,77.0954831,located,google_geocode,google_verified,google:ROOFTOP,,,,,,missing_branchwise_public_detail,yes,no,Scheduled mobile-library stop; not equivalent to a permanent branch. Coordinates are Google-geocoded and are internal-use until independently verified.
dpl_mobile_service_point_071_0106,Mobile Service Point 071,mobile_service_point,mobile_service_point,60,scheduled_mobile_stop,mobile,"Satyawati College Ashok Vihar Phase-2, New Delhi",28.6954782,77.1812195,located,google_geocode,google_approx,google:GEOMETRIC_CENTER,,,,,,missing_branchwise_public_detail,yes,no,Scheduled mobile-library stop; not equivalent to a permanent branch. Coordinates are Google-geocoded and are internal-use until independently verified.
dpl_mobile_service_point_072_0107,Mobile Service Point 072,mobile_service_point,mobile_service_point,60,scheduled_mobile_stop,mobile,"Delhi University (2,4 Week)",28.5843699,77.1629105,located,google_geocode,google_approx,google:GEOMETRIC_CENTER,,,,,,missing_branchwise_public_detail,yes,no,Scheduled mobile-library stop; not equivalent to a permanent branch. Coordinates are Google-geocoded and are internal-use until independently verified.
dpl_mobile_service_point_073_0108,Mobile Service Point 073,mobile_service_point,mobile_service_point,60,scheduled_mobile_stop,mobile,"Faculty of Arts, University of Delhi Guru Teg Bahadur Road",28.6918262,77.2082661,located,google_geocode,google_approx,google:GEOMETRIC_CENTER,,,,,,missing_branchwise_public_detail,yes,no,Scheduled mobile-library stop; not equivalent to a permanent branch. Coordinates are Google-geocoded and are internal-use until independently verified.
dpl_mobile_service_point_074_0109,Mobile Service Point 074,mobile_service_point,mobile_service_point,60,scheduled_mobile_stop,mobile,"A.I.C.B., Sector-5 Rohini, Delhi-85",28.71665339999999,77.11054899999999,located,google_geocode,google_verified,google:ROOFTOP,,,,,,missing_branchwise_public_detail,yes,no,Scheduled mobile-library stop; not equivalent to a permanent branch. Coordinates are Google-geocoded and are internal-use until independently verified.
dpl_mobile_service_point_075_0110,Mobile Service Point 075,mobile_service_point,mobile_service_point,60,scheduled_mobile_stop,mobile,"Blind School, Amar Colony, Lajpat Nagar, New Delhi",28.5617318,77.242679,located,google_geocode,google_approx,google:APPROXIMATE,,,,,,missing_branchwise_public_detail,yes,no,Scheduled mobile-library stop; not equivalent to a permanent branch. Coordinates are Google-geocoded and are internal-use until independently verified.
dpl_mobile_service_point_076_0111,Mobile Service Point 076,mobile_service_point,mobile_service_point,60,scheduled_mobile_stop,mobile,"All India Association for the blind Raghuveer Nagar, New Delhi-27",28.6570269,77.1114928,located,google_geocode,google_approx,google:APPROXIMATE,,,,,,missing_branchwise_public_detail,yes,no,Scheduled mobile-library stop; not equivalent to a permanent branch. Coordinates are Google-geocoded and are internal-use until independently verified.
