source_record_id,source_file,library_id,name,address,geocode_provider,geocode_query,geocode_result_label,latitude,longitude,confidence,review_status,notes
dpl_location_0002,operations__central_zone.html,dpl_new_police_line_0002,New Police Line,"Delhi Public Library, New Police Line, GTB Nagar, Delhi, 110009",,"Delhi Public Library, New Police Line, GTB Nagar, Delhi, 110009, India",,,,,needs_geocode,Address is DPL-published; coordinates are pending reproducible geocoding/review.
dpl_location_0004,operations__east_zone.html,dpl_yojna_vihar_0004,Yojna Vihar,"Delhi Public Library, Yojna Vihar Housing Society, Yojna Vihar, Delhi-110092",,"Delhi Public Library, Yojna Vihar Housing Society, Yojna Vihar, Delhi-110092, India",,,,,needs_geocode,Address is DPL-published; coordinates are pending reproducible geocoding/review.
dpl_location_0005,operations__east_zone.html,dpl_vigyan_vihar_0005,Vigyan Vihar,"Delhi Public Library, Adjacent to RWA Society Office, Near Raghunath Mandir, Vigyan Vihar, Delhi-110092",,"Delhi Public Library, Adjacent to RWA Society Office, Near Raghunath Mandir, Vigyan Vihar, Delhi-110092, India",,,,,needs_geocode,Address is DPL-published; coordinates are pending reproducible geocoding/review.
dpl_location_0006,operations__east_zone.html,dpl_kalyan_puri_0006,Kalyan Puri,"Delhi Public Library, Community Centre, Block No-1, Kalyan Puri, Delhi-110091",,"Delhi Public Library, Community Centre, Block No-1, Kalyan Puri, Delhi-110091, India",,,,,needs_geocode,Address is DPL-published; coordinates are pending reproducible geocoding/review.
dpl_location_0007,operations__east_zone.html,dpl_nand_nagari_closed_0007,Nand Nagari Closed,"Delhi Public Library, M.C.D Community Centre, Block-4, Nand Nagari, Delhi-110093",,"Delhi Public Library, M.C.D Community Centre, Block-4, Nand Nagari, Delhi-110093, India",,,,,needs_geocode,Address is DPL-published; coordinates are pending reproducible geocoding/review.
dpl_location_0008,operations__east_zone.html,dpl_seelam_pur_0008,Seelam Pur,"Delhi Public Library, D.D.A Community Centre, Seelam Pur, Delhi-110053",,"Delhi Public Library, D.D.A Community Centre, Seelam Pur, Delhi-110053, India",,,,,needs_geocode,Address is DPL-published; coordinates are pending reproducible geocoding/review.
dpl_location_0010,operations__north_zone.html,dpl_new_rohtak_road_0010,New Rohtak Road,"Delhi Public Library, C-Block, Community Centre, New Rohtak Road, New Delhi-110005",,"Delhi Public Library, C-Block, Community Centre, New Rohtak Road, New Delhi-110005, India",,,,,needs_geocode,Address is DPL-published; coordinates are pending reproducible geocoding/review.
dpl_location_0011,operations__north_zone.html,dpl_bagh_kare_khan_0011,Bagh Kare Khan,"Delhi Public Library, Bagh Kare Khan Community Centre, Delhi-110007",,"Delhi Public Library, Bagh Kare Khan Community Centre, Delhi-110007, India",,,,,needs_geocode,Address is DPL-published; coordinates are pending reproducible geocoding/review.
dpl_location_0012,operations__north_zone.html,dpl_qadi_pur_0012,Qadi Pur,"Delhi Public Library, Chaupal Kushak No-2, Kh. No. 1176 Delhi-110036",,"Delhi Public Library, Chaupal Kushak No-2, Kh. No. 1176 Delhi-110036, India",,,,,needs_geocode,Address is DPL-published; coordinates are pending reproducible geocoding/review.
dpl_location_0013,operations__north_zone.html,dpl_katewara_0013,Katewara,"Delhi Public Library, Gramin Choupal, Katewara Village, Delhi-110039",,"Delhi Public Library, Gramin Choupal, Katewara Village, Delhi-110039, India",,,,,needs_geocode,Address is DPL-published; coordinates are pending reproducible geocoding/review.
dpl_location_0014,operations__north_zone.html,dpl_bawana_0014,Bawana,"Delhi Public Library, Opp. Aditi Mahavidyalaya, Auchandi Border Road, Bawana, Delhi-110039",,"Delhi Public Library, Opp. Aditi Mahavidyalaya, Auchandi Border Road, Bawana, Delhi-110039, India",,,,,needs_geocode,Address is DPL-published; coordinates are pending reproducible geocoding/review.
dpl_location_0015,operations__north_zone.html,dpl_narela_0015,Narela,"Delhi Public Library, Opp. Police Station, Narela, Delhi-110040",,"Delhi Public Library, Opp. Police Station, Narela, Delhi-110040, India",,,,,needs_geocode,Address is DPL-published; coordinates are pending reproducible geocoding/review.
dpl_location_0016,operations__north_zone.html,dpl_aruna_nagar_0016,Aruna Nagar,"Delhi Public Library, Community Centre, Majnu Ka Teela, Aruna Nagar, Delhi-110054",,"Delhi Public Library, Community Centre, Majnu Ka Teela, Aruna Nagar, Delhi-110054, India",,,,,needs_geocode,Address is DPL-published; coordinates are pending reproducible geocoding/review.
dpl_location_0017,operations__north_zone.html,dpl_sangam_park_0017,Sangam Park,"Delhi Public Library, Community Centre, Sangam Park, Delhi-110052",,"Delhi Public Library, Community Centre, Sangam Park, Delhi-110052, India",,,,,needs_geocode,Address is DPL-published; coordinates are pending reproducible geocoding/review.
dpl_location_0018,operations__north_zone.html,dpl_shakur_pur_0018,Shakur Pur,"Delhi Public Library, Community Centre, Near Samrat Cinema, Shakur Pur, Delhi-110034",,"Delhi Public Library, Community Centre, Near Samrat Cinema, Shakur Pur, Delhi-110034, India",,,,,needs_geocode,Address is DPL-published; coordinates are pending reproducible geocoding/review.
dpl_location_0019,operations__north_zone.html,dpl_jwala_puri_0019,Jwala Puri,"Delhi Public Library, Delhi Nagar Nigam Bhawan, North Zone, Ward No. 42, Opp. DTC Depot., Jwala Puri, Delhi-110087",,"Delhi Public Library, Delhi Nagar Nigam Bhawan, North Zone, Ward No. 42, Opp. DTC Depot., Jwala Puri, Delhi-110087, India",,,,,needs_geocode,Address is DPL-published; coordinates are pending reproducible geocoding/review.
dpl_location_0020,operations__north_zone.html,dpl_mundka_closed_0020,Mundka Closed,"Delhi Public Library, Community Centre, Near Supar Bazar, Mundka Village, New Delhi-110041",,"Delhi Public Library, Community Centre, Near Supar Bazar, Mundka Village, New Delhi-110041, India",,,,,needs_geocode,Address is DPL-published; coordinates are pending reproducible geocoding/review.
dpl_location_0021,operations__north_zone.html,dpl_karol_bagh_closed_0021,Karol Bagh Closed,"Delhi Public Library,5/56, D.B.Gupta Road, Karol Bagh, New Delhi-110005",,"Delhi Public Library,5/56, D.B.Gupta Road, Karol Bagh, New Delhi-110005, India",,,,,needs_geocode,Address is DPL-published; coordinates are pending reproducible geocoding/review.
dpl_location_0023,operations__south_zone.html,dpl_braille_library_0023,Braille Library,"Delhi Public Library, Blind Relief Association, Near Oberoi Hotel, Lal Bahadur Shastri Marg, New Delhi-110003",,"Delhi Public Library, Blind Relief Association, Near Oberoi Hotel, Lal Bahadur Shastri Marg, New Delhi-110003, India",,,,,needs_geocode,Address is DPL-published; coordinates are pending reproducible geocoding/review.
dpl_location_0024,operations__south_zone.html,dpl_r_k_puram_sector_8_0024,"R.K.Puram, Sector-8","Delhi Public Library, Flat no 3 and 4, Sector-8 Market, R.K.Puram, New Delhi-110022",,"Delhi Public Library, Flat no 3 and 4, Sector-8 Market, R.K.Puram, New Delhi-110022, India",,,,,needs_geocode,Address is DPL-published; coordinates are pending reproducible geocoding/review.
dpl_location_0025,operations__south_zone.html,dpl_andrews_gunj_0025,Andrews Gunj,"Delhi Public Library, Community Centre, Andrews Ganj, New Delhi-110049",,"Delhi Public Library, Community Centre, Andrews Ganj, New Delhi-110049, India",,,,,needs_geocode,Address is DPL-published; coordinates are pending reproducible geocoding/review.
dpl_location_0026,operations__south_zone.html,dpl_vinoba_puri_0026,Vinoba Puri,"Delhi Public Library, Cultural Centre, Ground Floor, Near Vinoba Puri Metro Station, Vinoba Puri,New Delhi-110024",,"Delhi Public Library, Cultural Centre, Ground Floor, Near Vinoba Puri Metro Station, Vinoba Puri,New Delhi-110024, India",,,,,needs_geocode,Address is DPL-published; coordinates are pending reproducible geocoding/review.
dpl_location_0027,operations__south_zone.html,dpl_dakshin_puri_0027,Dakshin Puri,"Delhi Public Library, Community Centre, Dakshin Puri, New Delhi-110062",,"Delhi Public Library, Community Centre, Dakshin Puri, New Delhi-110062, India",,,,,needs_geocode,Address is DPL-published; coordinates are pending reproducible geocoding/review.
dpl_location_0028,operations__south_zone.html,dpl_lodhi_colony_0028,Lodhi Colony,"Delhi Public Library, Community Centre, Lodhi Colony, New Delhi-110003",,"Delhi Public Library, Community Centre, Lodhi Colony, New Delhi-110003, India",,,,,needs_geocode,Address is DPL-published; coordinates are pending reproducible geocoding/review.
dpl_location_0030,operations__west_zone.html,dpl_janak_puri_0030,Janak Puri,"Delhi Public Library, Community Centre, C Block, Behind Janak Cinema, New Delhi-110058",,"Delhi Public Library, Community Centre, C Block, Behind Janak Cinema, New Delhi-110058, India",,,,,needs_geocode,Address is DPL-published; coordinates are pending reproducible geocoding/review.
dpl_location_0031,operations__west_zone.html,dpl_peshwa_road_0031,Peshwa Road,"Delhi Public Library, Samaj Sadan 1st floor, Grih Kalyan Kendra, Near Gole Market, New Delhi-110001",,"Delhi Public Library, Samaj Sadan 1st floor, Grih Kalyan Kendra, Near Gole Market, New Delhi-110001, India",,,,,needs_geocode,Address is DPL-published; coordinates are pending reproducible geocoding/review.
dpl_location_0032,operations__west_zone.html,dpl_diz_area_0032,DIZ. Area,"Delhi Public Library, Samaj Sadan, Grih Kalyan Kendra, R.K.Ashram Marg, DIZ Area, New Delhi-110001",,"Delhi Public Library, Samaj Sadan, Grih Kalyan Kendra, R.K.Ashram Marg, DIZ Area, New Delhi-110001, India",,,,,needs_geocode,Address is DPL-published; coordinates are pending reproducible geocoding/review.
dpl_location_0033,operations__west_zone.html,dpl_kasturba_gandhi_marg_0033,Kasturba Gandhi Marg,"Delhi Public Library, Asia House (First Floor), Near Vidhya Bharati School, K.G.Marg, New Delhi-110001",,"Delhi Public Library, Asia House (First Floor), Near Vidhya Bharati School, K.G.Marg, New Delhi-110001, India",,,,,needs_geocode,Address is DPL-published; coordinates are pending reproducible geocoding/review.
dpl_location_0034,operations__west_zone.html,dpl_tri_nagar_0034,Tri Nagar,"Delhi Public Library, MCD Building, Talab Road, Totaram Bazar, Tri Nagar, Delhi-110035",,"Delhi Public Library, MCD Building, Talab Road, Totaram Bazar, Tri Nagar, Delhi-110035, India",,,,,needs_geocode,Address is DPL-published; coordinates are pending reproducible geocoding/review.
dpl_location_0035,operations__west_zone.html,dpl_tihar_jail_0035,Tihar Jail,"Delhi Public Library, Gate No 2, Tihar Jail complex, New Delhi-110064",,"Delhi Public Library, Gate No 2, Tihar Jail complex, New Delhi-110064, India",,,,,needs_geocode,Address is DPL-published; coordinates are pending reproducible geocoding/review.
dpl_location_0036,operations__schedule_and_points_of_mobile_van.html,dpl_mobile_service_point_001_0036,Mobile Service Point 001,"RWA Pocket-2, Near Mayur Vihar Police Station, Mayur Vihar, Phase I, Delhi",,"RWA Pocket-2, Near Mayur Vihar Police Station, Mayur Vihar, Phase I, Delhi, India",,,,,needs_geocode,Address is DPL-published; coordinates are pending reproducible geocoding/review.
dpl_location_0037,operations__schedule_and_points_of_mobile_van.html,dpl_mobile_service_point_002_0037,Mobile Service Point 002,"The East End Apartments, Mayur Vihar-I, Near New Ashok Nagar Metro Station, Delhi",,"The East End Apartments, Mayur Vihar-I, Near New Ashok Nagar Metro Station, Delhi, India",,,,,needs_geocode,Address is DPL-published; coordinates are pending reproducible geocoding/review.
dpl_location_0038,operations__schedule_and_points_of_mobile_van.html,dpl_mobile_service_point_003_0038,Mobile Service Point 003,"DDA Flats, Near Batra Cinema, Mukherji Nagar, Delhi",,"DDA Flats, Near Batra Cinema, Mukherji Nagar, Delhi, India",,,,,needs_geocode,Address is DPL-published; coordinates are pending reproducible geocoding/review.
dpl_location_0039,operations__schedule_and_points_of_mobile_van.html,dpl_mobile_service_point_004_0039,Mobile Service Point 004,"Near Shalimar Park, Main Road, Model Town Pt-II, Delhi",,"Near Shalimar Park, Main Road, Model Town Pt-II, Delhi, India",,,,,needs_geocode,Address is DPL-published; coordinates are pending reproducible geocoding/review.
dpl_location_0040,operations__schedule_and_points_of_mobile_van.html,dpl_mobile_service_point_005_0040,Mobile Service Point 005,"Arya Samaj Road, B-Block, Near Meerut Sweets, Main Road, Majlis Park, Delhi-33",,"Arya Samaj Road, B-Block, Near Meerut Sweets, Main Road, Majlis Park, Delhi-33, India",,,,,needs_geocode,Address is DPL-published; coordinates are pending reproducible geocoding/review.
dpl_location_0041,operations__schedule_and_points_of_mobile_van.html,dpl_mobile_service_point_006_0041,Mobile Service Point 006,"Opp. Amar Farm, East Gokul Pur, Delhi",,"Opp. Amar Farm, East Gokul Pur, Delhi, India",,,,,needs_geocode,Address is DPL-published; coordinates are pending reproducible geocoding/review.
dpl_location_0042,operations__schedule_and_points_of_mobile_van.html,dpl_mobile_service_point_007_0042,Mobile Service Point 007,"Opp.Tyagi Dairy, Mandoli Road, Ashok Nagar, Delhi-94",,"Opp.Tyagi Dairy, Mandoli Road, Ashok Nagar, Delhi-94, India",,,,,needs_geocode,Address is DPL-published; coordinates are pending reproducible geocoding/review.
dpl_location_0043,operations__schedule_and_points_of_mobile_van.html,dpl_mobile_service_point_008_0043,Mobile Service Point 008,"Residential Quarter, Z Block (4 Storeyed Quarter), Timar Pur, Delhi-54",,"Residential Quarter, Z Block (4 Storeyed Quarter), Timar Pur, Delhi-54, India",,,,,needs_geocode,Address is DPL-published; coordinates are pending reproducible geocoding/review.
dpl_location_0044,operations__schedule_and_points_of_mobile_van.html,dpl_mobile_service_point_009_0044,Mobile Service Point 009,"Delhi Administrative Colony, Timar Pur, Delhi-54",,"Delhi Administrative Colony, Timar Pur, Delhi-54, India",,,,,needs_geocode,Address is DPL-published; coordinates are pending reproducible geocoding/review.
dpl_location_0045,operations__schedule_and_points_of_mobile_van.html,dpl_mobile_service_point_010_0045,Mobile Service Point 010,"Near Bloom Field Public School, DDA Flats, Dilshad Garden, Delhi-93",,"Near Bloom Field Public School, DDA Flats, Dilshad Garden, Delhi-93, India",,,,,needs_geocode,Address is DPL-published; coordinates are pending reproducible geocoding/review.
dpl_location_0046,operations__schedule_and_points_of_mobile_van.html,dpl_mobile_service_point_011_0046,Mobile Service Point 011,"Near Sports Complex, Janta Flats, Guru Teg Bahadur Enclave, Delhi-93",,"Near Sports Complex, Janta Flats, Guru Teg Bahadur Enclave, Delhi-93, India",,,,,needs_geocode,Address is DPL-published; coordinates are pending reproducible geocoding/review.
dpl_location_0047,operations__schedule_and_points_of_mobile_van.html,dpl_mobile_service_point_012_0047,Mobile Service Point 012,"Near Rath Wala Mandir, Main Road, Yamuna Vihar, Delhi-53",,"Near Rath Wala Mandir, Main Road, Yamuna Vihar, Delhi-53, India",,,,,needs_geocode,Address is DPL-published; coordinates are pending reproducible geocoding/review.
dpl_location_0048,operations__schedule_and_points_of_mobile_van.html,dpl_mobile_service_point_013_0048,Mobile Service Point 013,"Near Birla Mil Staff Quarters, Kamla Nagar, Delhi-07",,"Near Birla Mil Staff Quarters, Kamla Nagar, Delhi-07, India",,,,,needs_geocode,Address is DPL-published; coordinates are pending reproducible geocoding/review.
dpl_location_0049,operations__schedule_and_points_of_mobile_van.html,dpl_mobile_service_point_014_0049,Mobile Service Point 014,"Near Govt. Girls Sr. Sec. School, Nagia Park, Shakti Nagar, Delhi-07",,"Near Govt. Girls Sr. Sec. School, Nagia Park, Shakti Nagar, Delhi-07, India",,,,,needs_geocode,Address is DPL-published; coordinates are pending reproducible geocoding/review.
dpl_location_0050,operations__schedule_and_points_of_mobile_van.html,dpl_mobile_service_point_015_0050,Mobile Service Point 015,"Near DDA Flats, Ashok Vihar, Delhi",,"Near DDA Flats, Ashok Vihar, Delhi, India",,,,,needs_geocode,Address is DPL-published; coordinates are pending reproducible geocoding/review.
dpl_location_0051,operations__schedule_and_points_of_mobile_van.html,dpl_mobile_service_point_016_0051,Mobile Service Point 016,"CRPF Camp, Mayur Vihar-III, Delhi",,"CRPF Camp, Mayur Vihar-III, Delhi, India",,,,,needs_geocode,Address is DPL-published; coordinates are pending reproducible geocoding/review.
dpl_location_0052,operations__schedule_and_points_of_mobile_van.html,dpl_mobile_service_point_017_0052,Mobile Service Point 017,Near church block 13 Trilokpuri Delhi.,,"Near church block 13 Trilokpuri Delhi., India",,,,,needs_geocode,Address is DPL-published; coordinates are pending reproducible geocoding/review.
dpl_location_0053,operations__schedule_and_points_of_mobile_van.html,dpl_mobile_service_point_018_0053,Mobile Service Point 018,Opposite to D7 market Vishram Chowk Sector 5 Delhi.,,"Opposite to D7 market Vishram Chowk Sector 5 Delhi., India",,,,,needs_geocode,Address is DPL-published; coordinates are pending reproducible geocoding/review.
dpl_location_0054,operations__schedule_and_points_of_mobile_van.html,dpl_mobile_service_point_019_0054,Mobile Service Point 019,Govt. Co-ed. Senior secondary school Shahbad dairy Near Sant Javiour school Main road Delhi-110042,,"Govt. Co-ed. Senior secondary school Shahbad dairy Near Sant Javiour school Main road Delhi-110042, India",,,,,needs_geocode,Address is DPL-published; coordinates are pending reproducible geocoding/review.
dpl_location_0055,operations__schedule_and_points_of_mobile_van.html,dpl_mobile_service_point_020_0055,Mobile Service Point 020,Opposite Gomti appartment gate Kalkaji extension New Delhi.,,"Opposite Gomti appartment gate Kalkaji extension New Delhi., India",,,,,needs_geocode,Address is DPL-published; coordinates are pending reproducible geocoding/review.
dpl_location_0056,operations__schedule_and_points_of_mobile_van.html,dpl_mobile_service_point_021_0056,Mobile Service Point 021,Gate no. 1 Najeevan Vihar Delhi,,"Gate no. 1 Najeevan Vihar Delhi, India",,,,,needs_geocode,Address is DPL-published; coordinates are pending reproducible geocoding/review.
dpl_location_0057,operations__schedule_and_points_of_mobile_van.html,dpl_mobile_service_point_022_0057,Mobile Service Point 022,Near water booster pumping station Delhi jal Boad block G sector 15 Rohini Delhi-110085,,"Near water booster pumping station Delhi jal Boad block G sector 15 Rohini Delhi-110085, India",,,,,needs_geocode,Address is DPL-published; coordinates are pending reproducible geocoding/review.
dpl_location_0058,operations__schedule_and_points_of_mobile_van.html,dpl_mobile_service_point_023_0058,Mobile Service Point 023,"Sai Chowk RWA, Pocket E Near Canara bank,Mayur Vihar, Phase-2 Delhi-110091",,"Sai Chowk RWA, Pocket E Near Canara bank,Mayur Vihar, Phase-2 Delhi-110091, India",,,,,needs_geocode,Address is DPL-published; coordinates are pending reproducible geocoding/review.
dpl_location_0059,operations__schedule_and_points_of_mobile_van.html,dpl_mobile_service_point_024_0059,Mobile Service Point 024,"Glaxo Apartment Main Gate, Mayur Vihar Phase-I, Delhi-91",,"Glaxo Apartment Main Gate, Mayur Vihar Phase-I, Delhi-91, India",,,,,needs_geocode,Address is DPL-published; coordinates are pending reproducible geocoding/review.
dpl_location_0060,operations__schedule_and_points_of_mobile_van.html,dpl_mobile_service_point_025_0060,Mobile Service Point 025,"Near Tikona Park, Main Market , opp. House No. 9/37 and 15/27, Subhash Nagar, New Delhi",,"Near Tikona Park, Main Market , opp. House No. 9/37 and 15/27, Subhash Nagar, New Delhi, India",,,,,needs_geocode,Address is DPL-published; coordinates are pending reproducible geocoding/review.
dpl_location_0061,operations__schedule_and_points_of_mobile_van.html,dpl_mobile_service_point_026_0061,Mobile Service Point 026,"Near Deendayal Hospital and Swargasram MIG flats, Mayapuri, New Delhi",,"Near Deendayal Hospital and Swargasram MIG flats, Mayapuri, New Delhi, India",,,,,needs_geocode,Address is DPL-published; coordinates are pending reproducible geocoding/review.
dpl_location_0062,operations__schedule_and_points_of_mobile_van.html,dpl_mobile_service_point_027_0062,Mobile Service Point 027,"South Delhi Municipal Corporation office, E-24 Greater Kailash, New Delhi-110048",,"South Delhi Municipal Corporation office, E-24 Greater Kailash, New Delhi-110048, India",,,,,needs_geocode,Address is DPL-published; coordinates are pending reproducible geocoding/review.
dpl_location_0063,operations__schedule_and_points_of_mobile_van.html,dpl_mobile_service_point_028_0063,Mobile Service Point 028,"A- Block Quarter Pandara Road, New Delhi",,"A- Block Quarter Pandara Road, New Delhi, India",,,,,needs_geocode,Address is DPL-published; coordinates are pending reproducible geocoding/review.
dpl_location_0064,operations__schedule_and_points_of_mobile_van.html,dpl_mobile_service_point_029_0064,Mobile Service Point 029,"Snatan Dharam Mandir, Ambika Vihar, Near Paschim Vihar, New Delhi",,"Snatan Dharam Mandir, Ambika Vihar, Near Paschim Vihar, New Delhi, India",,,,,needs_geocode,Address is DPL-published; coordinates are pending reproducible geocoding/review.
dpl_location_0065,operations__schedule_and_points_of_mobile_van.html,dpl_mobile_service_point_030_0065,Mobile Service Point 030,"Near Telephone Exchange, Sunder Vihar, New Delhi",,"Near Telephone Exchange, Sunder Vihar, New Delhi, India",,,,,needs_geocode,Address is DPL-published; coordinates are pending reproducible geocoding/review.
dpl_location_0066,operations__schedule_and_points_of_mobile_van.html,dpl_mobile_service_point_031_0066,Mobile Service Point 031,"Near Palam Vihar Village, Dwarka, Palam Vihar, New Delhi.",,"Near Palam Vihar Village, Dwarka, Palam Vihar, New Delhi., India",,,,,needs_geocode,Address is DPL-published; coordinates are pending reproducible geocoding/review.
dpl_location_0067,operations__schedule_and_points_of_mobile_van.html,dpl_mobile_service_point_032_0067,Mobile Service Point 032,"Near Guru Ram Dass Public Middle School and Gurudwara, Tagore Garden, New Delhi-27",,"Near Guru Ram Dass Public Middle School and Gurudwara, Tagore Garden, New Delhi-27, India",,,,,needs_geocode,Address is DPL-published; coordinates are pending reproducible geocoding/review.
dpl_location_0068,operations__schedule_and_points_of_mobile_van.html,dpl_mobile_service_point_033_0068,Mobile Service Point 033,"F Block, Near Park, Prashant Vihar, New Delhi",,"F Block, Near Park, Prashant Vihar, New Delhi, India",,,,,needs_geocode,Address is DPL-published; coordinates are pending reproducible geocoding/review.
dpl_location_0069,operations__schedule_and_points_of_mobile_van.html,dpl_mobile_service_point_034_0069,Mobile Service Point 034,"Near Railway Colony Gate, Shakur Basti, Delhi",,"Near Railway Colony Gate, Shakur Basti, Delhi, India",,,,,needs_geocode,Address is DPL-published; coordinates are pending reproducible geocoding/review.
dpl_location_0070,operations__schedule_and_points_of_mobile_van.html,dpl_mobile_service_point_035_0070,Mobile Service Point 035,"Near Friendly Welfare Association office Flat No. A3/195, Paschim Vihar, New Delhi-110063",,"Near Friendly Welfare Association office Flat No. A3/195, Paschim Vihar, New Delhi-110063, India",,,,,needs_geocode,Address is DPL-published; coordinates are pending reproducible geocoding/review.
dpl_location_0071,operations__schedule_and_points_of_mobile_van.html,dpl_mobile_service_point_036_0071,Mobile Service Point 036,"Paschim Vihar B-4, New Delhi",,"Paschim Vihar B-4, New Delhi, India",,,,,needs_geocode,Address is DPL-published; coordinates are pending reproducible geocoding/review.
dpl_location_0072,operations__schedule_and_points_of_mobile_van.html,dpl_mobile_service_point_037_0072,Mobile Service Point 037,Kendriya Karmachari Awas Parisar Mohammadpur Delhi,,"Kendriya Karmachari Awas Parisar Mohammadpur Delhi, India",,,,,needs_geocode,Address is DPL-published; coordinates are pending reproducible geocoding/review.
dpl_location_0073,operations__schedule_and_points_of_mobile_van.html,dpl_mobile_service_point_038_0073,Mobile Service Point 038,Loksabha sachivalay Awas Parisar R.K. Puram Sector-02 Delhi,,"Loksabha sachivalay Awas Parisar R.K. Puram Sector-02 Delhi, India",,,,,needs_geocode,Address is DPL-published; coordinates are pending reproducible geocoding/review.
dpl_location_0074,operations__schedule_and_points_of_mobile_van.html,dpl_mobile_service_point_039_0074,Mobile Service Point 039,"C-Block, J.J. Colony, Near Delhi Library Association",,"C-Block, J.J. Colony, Near Delhi Library Association, India",,,,,needs_geocode,Address is DPL-published; coordinates are pending reproducible geocoding/review.
dpl_location_0075,operations__schedule_and_points_of_mobile_van.html,dpl_mobile_service_point_040_0075,Mobile Service Point 040,"Near Mini Stadium, Naraina Vihar, Delhi",,"Near Mini Stadium, Naraina Vihar, Delhi, India",,,,,needs_geocode,Address is DPL-published; coordinates are pending reproducible geocoding/review.
dpl_location_0076,operations__schedule_and_points_of_mobile_van.html,dpl_mobile_service_point_041_0076,Mobile Service Point 041,"Near DDA Office, Shahpur Jat, Delhi",,"Near DDA Office, Shahpur Jat, Delhi, India",,,,,needs_geocode,Address is DPL-published; coordinates are pending reproducible geocoding/review.
dpl_location_0077,operations__schedule_and_points_of_mobile_van.html,dpl_mobile_service_point_042_0077,Mobile Service Point 042,"Near Mother Dairy, Khel Gaon, Shahpur Jat, Delhi",,"Near Mother Dairy, Khel Gaon, Shahpur Jat, Delhi, India",,,,,needs_geocode,Address is DPL-published; coordinates are pending reproducible geocoding/review.
dpl_location_0078,operations__schedule_and_points_of_mobile_van.html,dpl_mobile_service_point_043_0078,Mobile Service Point 043,"Green View Aptt. Dwarka, Sector-19, New Delhi",,"Green View Aptt. Dwarka, Sector-19, New Delhi, India",,,,,needs_geocode,Address is DPL-published; coordinates are pending reproducible geocoding/review.
dpl_location_0079,operations__schedule_and_points_of_mobile_van.html,dpl_mobile_service_point_044_0079,Mobile Service Point 044,"Sector-A, Pocket-C Gate No. 2 Vasant Kunj Delhi",,"Sector-A, Pocket-C Gate No. 2 Vasant Kunj Delhi, India",,,,,needs_geocode,Address is DPL-published; coordinates are pending reproducible geocoding/review.
dpl_location_0080,operations__schedule_and_points_of_mobile_van.html,dpl_mobile_service_point_045_0080,Mobile Service Point 045,"Near Market,R.K Puram Sector-4 ,New Delhi",,"Near Market,R.K Puram Sector-4 ,New Delhi, India",,,,,needs_geocode,Address is DPL-published; coordinates are pending reproducible geocoding/review.
dpl_location_0081,operations__schedule_and_points_of_mobile_van.html,dpl_mobile_service_point_046_0081,Mobile Service Point 046,Dussehra Medan Gandhi Vihar Delhi,,"Dussehra Medan Gandhi Vihar Delhi, India",,,,,needs_geocode,Address is DPL-published; coordinates are pending reproducible geocoding/review.
dpl_location_0082,operations__schedule_and_points_of_mobile_van.html,dpl_mobile_service_point_047_0082,Mobile Service Point 047,Biodiversity Park Wazirabad Delhi,,"Biodiversity Park Wazirabad Delhi, India",,,,,needs_geocode,Address is DPL-published; coordinates are pending reproducible geocoding/review.
dpl_location_0083,operations__schedule_and_points_of_mobile_van.html,dpl_mobile_service_point_048_0083,Mobile Service Point 048,"Opp. M.C. D Primary School, Main Road, Bakhtawar Pur Village, Delhi",,"Opp. M.C. D Primary School, Main Road, Bakhtawar Pur Village, Delhi, India",,,,,needs_geocode,Address is DPL-published; coordinates are pending reproducible geocoding/review.
dpl_location_0084,operations__schedule_and_points_of_mobile_van.html,dpl_mobile_service_point_049_0084,Mobile Service Point 049,"Palla Village Main Road, Delhi",,"Palla Village Main Road, Delhi, India",,,,,needs_geocode,Address is DPL-published; coordinates are pending reproducible geocoding/review.
dpl_location_0085,operations__schedule_and_points_of_mobile_van.html,dpl_mobile_service_point_050_0085,Mobile Service Point 050,"Geeta Bhawan Mandir, Malviya Nagar Road, Block-7, Malviya Nagar, New Delhi-110017",,"Geeta Bhawan Mandir, Malviya Nagar Road, Block-7, Malviya Nagar, New Delhi-110017, India",,,,,needs_geocode,Address is DPL-published; coordinates are pending reproducible geocoding/review.
dpl_location_0086,operations__schedule_and_points_of_mobile_van.html,dpl_mobile_service_point_051_0086,Mobile Service Point 051,"Old Shiv Mandir, Khanpur Bus Stand, Delhi-110076",,"Old Shiv Mandir, Khanpur Bus Stand, Delhi-110076, India",,,,,needs_geocode,Address is DPL-published; coordinates are pending reproducible geocoding/review.
dpl_location_0087,operations__schedule_and_points_of_mobile_van.html,dpl_mobile_service_point_052_0087,Mobile Service Point 052,"Near C.G.H.S Dispensary, Sector-1, Pushpvihar, Delhi",,"Near C.G.H.S Dispensary, Sector-1, Pushpvihar, Delhi, India",,,,,needs_geocode,Address is DPL-published; coordinates are pending reproducible geocoding/review.
dpl_location_0088,operations__schedule_and_points_of_mobile_van.html,dpl_mobile_service_point_053_0088,Mobile Service Point 053,"R.W.A., H-Block, Gate No.2, Near Veer Singh Garhwal Sarvodaya Bal Vidyalaya Saket, New Delhi-110017",,"R.W.A., H-Block, Gate No.2, Near Veer Singh Garhwal Sarvodaya Bal Vidyalaya Saket, New Delhi-110017, India",,,,,needs_geocode,Address is DPL-published; coordinates are pending reproducible geocoding/review.
dpl_location_0089,operations__schedule_and_points_of_mobile_van.html,dpl_mobile_service_point_054_0089,Mobile Service Point 054,"RWA, Gate No.1, Pocket-C, Sarita Vihar, New Delhi-110074",,"RWA, Gate No.1, Pocket-C, Sarita Vihar, New Delhi-110074, India",,,,,needs_geocode,Address is DPL-published; coordinates are pending reproducible geocoding/review.
dpl_location_0090,operations__schedule_and_points_of_mobile_van.html,dpl_mobile_service_point_055_0090,Mobile Service Point 055,"Old Shiv Mandir Kantheshwar Mahadev Mandir, Main Chowk Aligaon, New Delhi-110076",,"Old Shiv Mandir Kantheshwar Mahadev Mandir, Main Chowk Aligaon, New Delhi-110076, India",,,,,needs_geocode,Address is DPL-published; coordinates are pending reproducible geocoding/review.
dpl_location_0091,operations__schedule_and_points_of_mobile_van.html,dpl_mobile_service_point_056_0091,Mobile Service Point 056,Commonwealth Khel Gaon Delhi,,"Commonwealth Khel Gaon Delhi, India",,,,,needs_geocode,Address is DPL-published; coordinates are pending reproducible geocoding/review.
dpl_location_0092,operations__schedule_and_points_of_mobile_van.html,dpl_mobile_service_point_057_0092,Mobile Service Point 057,Near By Khichadipur Gurudwara East Vinod Nagar Delhi,,"Near By Khichadipur Gurudwara East Vinod Nagar Delhi, India",,,,,needs_geocode,Address is DPL-published; coordinates are pending reproducible geocoding/review.
dpl_location_0093,operations__schedule_and_points_of_mobile_van.html,dpl_mobile_service_point_058_0093,Mobile Service Point 058,"Near Sarvodaya Girls School, Chandra Vihar, Delhi",,"Near Sarvodaya Girls School, Chandra Vihar, Delhi, India",,,,,needs_geocode,Address is DPL-published; coordinates are pending reproducible geocoding/review.
dpl_location_0094,operations__schedule_and_points_of_mobile_van.html,dpl_mobile_service_point_059_0094,Mobile Service Point 059,"Mandavali Village, Near Mayur Public School, Mandavali, Delhi",,"Mandavali Village, Near Mayur Public School, Mandavali, Delhi, India",,,,,needs_geocode,Address is DPL-published; coordinates are pending reproducible geocoding/review.
dpl_location_0095,operations__schedule_and_points_of_mobile_van.html,dpl_mobile_service_point_060_0095,Mobile Service Point 060,"Near Golak Dham Mandir, Main Road, Bijwasan, Delhi",,"Near Golak Dham Mandir, Main Road, Bijwasan, Delhi, India",,,,,needs_geocode,Address is DPL-published; coordinates are pending reproducible geocoding/review.
dpl_location_0096,operations__schedule_and_points_of_mobile_van.html,dpl_mobile_service_point_061_0096,Mobile Service Point 061,"Near PNB Bank Bus Stand, Deoli, Delhi",,"Near PNB Bank Bus Stand, Deoli, Delhi, India",,,,,needs_geocode,Address is DPL-published; coordinates are pending reproducible geocoding/review.
dpl_location_0097,operations__schedule_and_points_of_mobile_van.html,dpl_mobile_service_point_062_0097,Mobile Service Point 062,"Near Delhi Jal Board, Filling Station",,"Near Delhi Jal Board, Filling Station, India",,,,,needs_geocode,Address is DPL-published; coordinates are pending reproducible geocoding/review.
dpl_location_0098,operations__schedule_and_points_of_mobile_van.html,dpl_mobile_service_point_063_0098,Mobile Service Point 063,"Central for Blind Women with disablility (NAB) L-25, Hauz Khas Enclave, New Delhi-110016",,"Central for Blind Women with disablility (NAB) L-25, Hauz Khas Enclave, New Delhi-110016, India",,,,,needs_geocode,Address is DPL-published; coordinates are pending reproducible geocoding/review.
dpl_location_0099,operations__schedule_and_points_of_mobile_van.html,dpl_mobile_service_point_064_0099,Mobile Service Point 064,"National Association for the blind R.K.Puram Sector-5, New Delhi-110022",,"National Association for the blind R.K.Puram Sector-5, New Delhi-110022, India",,,,,needs_geocode,Address is DPL-published; coordinates are pending reproducible geocoding/review.
dpl_location_0100,operations__schedule_and_points_of_mobile_van.html,dpl_mobile_service_point_065_0100,Mobile Service Point 065,"Janta Adarsh Blind School, Sirifort Road, Sadiq Nagar, New Delhi",,"Janta Adarsh Blind School, Sirifort Road, Sadiq Nagar, New Delhi, India",,,,,needs_geocode,Address is DPL-published; coordinates are pending reproducible geocoding/review.
dpl_location_0101,operations__schedule_and_points_of_mobile_van.html,dpl_mobile_service_point_066_0101,Mobile Service Point 066,"Blind Relief Association, Lal Bahadur Shastri Marg, Lodhi Road, New Delhi-3",,"Blind Relief Association, Lal Bahadur Shastri Marg, Lodhi Road, New Delhi-3, India",,,,,needs_geocode,Address is DPL-published; coordinates are pending reproducible geocoding/review.
dpl_location_0102,operations__schedule_and_points_of_mobile_van.html,dpl_mobile_service_point_067_0102,Mobile Service Point 067,"Institute for the Blind Girls Hostel Houses no. 25, gali no.2, Bhagat Colony, Sant Nagar, Burari Delhi",,"Institute for the Blind Girls Hostel Houses no. 25, gali no.2, Bhagat Colony, Sant Nagar, Burari Delhi, India",,,,,needs_geocode,Address is DPL-published; coordinates are pending reproducible geocoding/review.
dpl_location_0103,operations__schedule_and_points_of_mobile_van.html,dpl_mobile_service_point_068_0103,Mobile Service Point 068,"Govt. Blind Boys Sr.Sec. School, Seva Kutir and College Going Hostel, Delhi-9",,"Govt. Blind Boys Sr.Sec. School, Seva Kutir and College Going Hostel, Delhi-9, India",,,,,needs_geocode,Address is DPL-published; coordinates are pending reproducible geocoding/review.
dpl_location_0104,operations__schedule_and_points_of_mobile_van.html,dpl_mobile_service_point_069_0104,Mobile Service Point 069,"Blind Welfare Society, Main Road, Block X, 2/21 Mangolpuri, Delhi-83",,"Blind Welfare Society, Main Road, Block X, 2/21 Mangolpuri, Delhi-83, India",,,,,needs_geocode,Address is DPL-published; coordinates are pending reproducible geocoding/review.
dpl_location_0105,operations__schedule_and_points_of_mobile_van.html,dpl_mobile_service_point_070_0105,Mobile Service Point 070,"Divya Jyoti Niwas, Mangolpuri Khurd, Rohini Sector-1 Avantika Mor, Delhi",,"Divya Jyoti Niwas, Mangolpuri Khurd, Rohini Sector-1 Avantika Mor, Delhi, India",,,,,needs_geocode,Address is DPL-published; coordinates are pending reproducible geocoding/review.
dpl_location_0106,operations__schedule_and_points_of_mobile_van.html,dpl_mobile_service_point_071_0106,Mobile Service Point 071,"Satyawati College Ashok Vihar Phase-2, New Delhi",,"Satyawati College Ashok Vihar Phase-2, New Delhi, India",,,,,needs_geocode,Address is DPL-published; coordinates are pending reproducible geocoding/review.
dpl_location_0107,operations__schedule_and_points_of_mobile_van.html,dpl_mobile_service_point_072_0107,Mobile Service Point 072,"Delhi University (2,4 Week)",,"Delhi University (2,4 Week), India",,,,,needs_geocode,Address is DPL-published; coordinates are pending reproducible geocoding/review.
dpl_location_0108,operations__schedule_and_points_of_mobile_van.html,dpl_mobile_service_point_073_0108,Mobile Service Point 073,"Faculty of Arts, University of Delhi Guru Teg Bahadur Road",,"Faculty of Arts, University of Delhi Guru Teg Bahadur Road, India",,,,,needs_geocode,Address is DPL-published; coordinates are pending reproducible geocoding/review.
dpl_location_0109,operations__schedule_and_points_of_mobile_van.html,dpl_mobile_service_point_074_0109,Mobile Service Point 074,"A.I.C.B., Sector-5 Rohini, Delhi-85",,"A.I.C.B., Sector-5 Rohini, Delhi-85, India",,,,,needs_geocode,Address is DPL-published; coordinates are pending reproducible geocoding/review.
dpl_location_0110,operations__schedule_and_points_of_mobile_van.html,dpl_mobile_service_point_075_0110,Mobile Service Point 075,"Blind School, Amar Colony, Lajpat Nagar, New Delhi",,"Blind School, Amar Colony, Lajpat Nagar, New Delhi, India",,,,,needs_geocode,Address is DPL-published; coordinates are pending reproducible geocoding/review.
dpl_location_0111,operations__schedule_and_points_of_mobile_van.html,dpl_mobile_service_point_076_0111,Mobile Service Point 076,"All India Association for the blind Raghuveer Nagar, New Delhi-27",,"All India Association for the blind Raghuveer Nagar, New Delhi-27, India",,,,,needs_geocode,Address is DPL-published; coordinates are pending reproducible geocoding/review.
