Sl No,Name Of School With Address,Type
1,"RANI MEYYAMMAI GIRLS HIGH SCHOOL, 75 FOURTH MAIN ROAD, ADYAR, CHENNAI-20",HIGH SCHOOL
2,"SACRED HEART (GIRLS) HIGH SCHOOL, CHURCH PARK CONVENT CAMPUS, CHENNAI-6",HIGH SCHOOL
3,"GANAPATHY IYER (GIRLS) HIGH SCHOOL,, 28 CORAN SMITH ROAD, GOPALAPURAM ,CHENNAI-86",HIGH SCHOOL
4,"ADVENT CHRISTIAN HIGH SCHOOL, GANDHI SALAI, VELACHERY, CHENNAI-42",HIGH SCHOOL
5,"BESANT THEOSOPHICAL HIGH SCHOOL, 35 ARUNDALE BEACH ROAD, CHENNAI-90",HIGH SCHOOL
6,"DR.P.V. RAO HIGH SCHOOL, RAJA ANNAMALAIPURAM, CHENNAI-28",HIGH SCHOOL
7,"RKM RESIDENTIAL HIGH SCHOOL, RAMAKRISHNA MISSION STUDENTS HOME, 101 SIR PS SIVASAMY SALAI, CHENNAI-4",HIGH SCHOOL
8,"P S HIGH SCHOOL(NORTH), 91 M K AMMAN KOIL STREET, MYLAPORE, CHENNAI-4",HIGH SCHOOL
9,"ADVENT CHRISTIAN HIGH SCHOOL, 40 ANIDU STREET, KOTTUR, CHENNAI-85",HIGH SCHOOL
10,"ST.ANTONY'S HIGH SCHOOL, TANSY NAGAR, VELACHERY CHENNAI-42",HIGH SCHOOL
11,"N K T NATIONAL HIGH SCHOOL, CHENNAI-5",HIGH SCHOOL
12,"Y M C A HIGH SCHOOL, CHENNAI- 9",HIGH SCHOOL
13,"RAMANUJAR PIT J.AT HIGH SCHOOL, CHENNAI-13",HIGH SCHOOL
14,"LADIES STOCK SPECIAL SCHOOL, CHENNAI- 21",HIGH SCHOOL
15,"A.I.W.C SCHOOL, CHENNAI- 2",HIGH SCHOOL
16,"ABDUL HUKKIM HINDU MUST JT.M HIGH SCHOOL, CHENNAI- 1",HIGH SCHOOL
17,"DANIEL THOMAS HIGH SCHOOL, CHENNAI-106",HIGH SCHOOL
18,"ST JOSEPH HIGH SCHOOL, CHENNAI- 34",HIGH SCHOOL
19,"MALAYALA VID. HIGH SCHOOL, 52/53 VENKATATHRI ST., GUYAPETTAI, CHENNAI-12",HIGH SCHOOL
20,"DONBOSCO HIGH SCHOOL, VEPERY, CHENNAI-7",HIGH SCHOOL
21,"SAMBALAL PAGARIYA JAIN HIGH SCHOOL,PAPER MILLS ROAD, CHENNAI- 11",HIGH SCHOOL
22,"P.T.L SENGALVARAYA NAICKER HIGH SCHOOL, CHOOLAI, CHENNAI-112",HIGH SCHOOL
23,"CHRISTIAN HIGH SCHOOL, PERAMBUR FARAX SALAI CHENNAI-12",HIGH SCHOOL
24,"BINNY HIGH SCHOOL, STEPHENSON SALAI, CHENNAI-12",HIGH SCHOOL
25,"KOTTIM. APPUCHETTIYAR HIGH SCHOOL, KONNUR NADUNCHALAI, CHENNAI-12",HIGH SCHOOL
26,"JOHN GABRIAL HIGH SCHOOL, THTRIJVEEDHT AMMAN KOIL ST., VILLIVAKKAM, CHENNAI-49",HIGH SCHOOL
27,"DONBOSCO HIGH SCHOOL, VYASARPADI, CHENNAI- 39",HIGH SCHOOL
28,"ST. ANDREWS HIGH SCHOOL, KALATMYAPPA MUDALI ST., CHENNAI-112",HIGH SCHOOL
29,"J.R.E.T HIGH SCHOOL, 199 PAPER MILLS ROADT, PERAVALURE, CHENNAI-11",HIGH SCHOOL
30,"NIRMAL HIGH SCHOOL, AYANAVARAM, CHENNAI- 23.",HIGH SCHOOL
31,"RAILWAY COLONY AIDED HIGH SCHOOL, AYANAVARAM CHENNAI-23",HIGH SCHOOL
32,"ARANGAIAH NAIDU HIGH SCHOOL, AYANAVARAM, CHENNAI-23",HIGH SCHOOL
33,"GOODWILL HIGH SCHOOL, BHABHA NAGAR, VILLIVAKKAM CHENNAI- 49",HIGH SCHOOL
34,"EBINESAR HIGH SCHOOL, 2 NELVAYAL NAGAR, PERAMBUR, CHENNAI- 11",HIGH SCHOOL
35,"GNANODHAYA HIGH SCHOOL, 165 MET .PATTI PONNAPPAN ST., VYASARPADI, CHENNAI-39",HIGH SCHOOL
36,"GRURMOORTM VIDYALAYA HIGH SCHOOL, R.V.NAGAR CHENNAI",HIGH SCHOOL
37,"ANNAI VELANKANNI HIGH SCHOOL, SASTHRI NAGAR, VYASARPADI, CHENNAI-39",HIGH SCHOOL
38,"S.N.C.P . ARYASAMAJ HIGH SCHOOL, CHENNAI-79",HIGH SCHOOL
39,"P.T MISSION HIGH SCHOOL, PONNAPPA CHETTY ST., CHENNAI-3",HIGH SCHOOL
40,"G.R.K.M. VIVEKANANDA CENTINERY GIRLS HIGH SCHOOL, THANGA SALAI STREET, CHENNAI-79",HIGH SCHOOL
41,"BALAR KALVI NILAYAM , VEPERY , CHENNAI- 7",HIGH SCHOOL
42,"THIRUVEREESWARAR HIGH SCHOOL, CHENNAI- 112",HIGH SCHOOL
43,"ARULJOTM HIGH SCHOOL, KODUNGAIYUR, CHENNAI-118",HIGH SCHOOL
44,"ST. DOMINICS XAVIER HIGH SCHOOL, ERUKKANJERI, CHENNAI",HIGH SCHOOL
45,"V.BADSHA REDDY HIGH SCHOOL, VILLIVAKKAM, CHENNAI-49",HIGH SCHOOL
46,"PARK TOWN MISSION HIGH SCHOOL, CHENNAI-3",HIGH SCHOOL
47,"SRI ARANGAIAH NAIDU HIGH SCHOOL, CHENNAI.",HIGH SCHOOL
48,"CSI MONAHAN (GIRLS) HR.SEC. SCHOOL, 196 PETER'S ROAD, ROYAPETTAH, CHENNAI-14",HIGHER SECONDARY SCHOOL
49,"LADY SI VS AMY IYER (GIRLS) HR. SEC. SCHOOL, 26 EAST MADA STREET, MYLAPORE, CHENNAI-4",HIGHER SECONDARY SCHOOL
50,"ST. EBB AS (GIRLS) HR. SEC. SCHOOL, 60 DR.RADHAKRISHNAN STREET, MYLAPORE,CHENNAI-4",HIGHER SECONDARY SCHOOL
51,"ST.ANTONY'S (GIRLS) HR. SEC. SCHOOL, MADHA CHURCH ROAD, MNDAVELI,CHENNAI-28",HIGHER SECONDARY SCHOOL
52,"ST. RAPHEL'S (GIRLS) HR. SEC. SCHOOL, MYLAPORE, CHENNAI-4",HIGHER SECONDARY SCHOOL
53,"KESARI HR.SEC. SCHOOL, 9 ROYAPETTAH HIGH ROAD, MYLAPORE, CHENNAI-4",HIGHER SECONDARY SCHOOL
54,"GOPALAPURAM (BOYS) HR.SEC. SCHOOL, 28 CORAN SMITH ROAD, GOPALAPURAM, CHENNAI-86",HIGHER SECONDARY SCHOOL
55,"RAJAMUTHAIAH HR.SEC. SCHOOL, RAJA ANNAMALAIPURAM, CHENNAI-86",HIGHER SECONDARY SCHOOL
56,"P.S.HR.SEC.SCHOOL(MAIN), 215 R.K.MUTT ROAD, MYLAPORE, CHENNAI-4",HIGHER SECONDARY SCHOOL
57,"AVVAI HOME TVR (GIRLS) HR.SEC.SCHOOL, 41 BESENT AVENUE, ADYAR, CHENNAI-20",HIGHER SECONDARY SCHOOL
58,"RANI MEYYAMMAI(GIRLS) HR.SEC.SCHOOL, RAJA ANNAMALAIPURAM, CHENNAI-28",HIGHER SECONDARY SCHOOL
59,"CHILDREN GARDEN HR.SEC.SCHOOL, 11/12 DR. .RADHAKRISHNAN SALAI, 7TH AVENUE, MYLAPORE,CHENNAI-4",HIGHER SECONDARY SCHOOL
60,"SAVITHRIAMMAL ORIENTAL HR.SEC. SCHOOL, 84 ROYAPETTAH HIGH SCHOOL, CHENNAI-4",HIGHER SECONDARY SCHOOL
61,"YMCA COLLEGE SPORTS HR.SEC. SCHOOL, NANDANAM, CHENNAI-35",HIGHER SECONDARY SCHOOL
62,"SANTHOME HR.SEC. SCHOOL, 143 SANTHOME HIGH ROAD, MYLAPORE, CHENNAI-4",HIGHER SECONDARY SCHOOL
63,"WESLEY HR. SEC. SCHOOL, ROYAPETTAH, CHENNAI - 14",HIGHER SECONDARY SCHOOL
64,"SRI AHOBILAMUTH ORIENTAL HR.SEC. SCHOOL, WEST MAMBALAM, CHENNAI-33",HIGHER SECONDARY SCHOOL
65,"KUMARA RAJA MUTHAIAH HR.SEC.SCHOOL, 7 CRESENT AVENUE ROAD, GANDHI NAGAR, ADYAR, CHENNAI-20",HIGHER SECONDARY SCHOOL
66,"HINDU HR. SEC. SCHOOL, CHENNAI-5",HIGHER SECONDARY SCHOOL
67,"KELLET HR. SEC. SCHOOL, CHENNAI-5",HIGHER SECONDARY SCHOOL
68,"MUSLIM HR. SEC. SCHOOL, CHENNAI-5",HIGHER SECONDARY SCHOOL
69,"MUTMALPET HR.SEC. SCHOOL, CHENNAI-1",HIGHER SECONDARY SCHOOL
70,"K C SANGARALINGA NADAR HR.SEC.SCHOOL, CHENNAI-21",HIGHER SECONDARY SCHOOL
71,"P.A.K. PALANISAMY HR.SEC.SCHOOL, CHENNAI-21",HIGHER SECONDARY SCHOOL
72,"VAT.1 .AT. S.I.ALAGARSAMY HR.SEC.SCHOOL, CEHNNAI-13",HIGHER SECONDARY SCHOOL
73,"S.K.B.T HR.SEC.SCHOOL, CHENNAI-1.",HIGHER SECONDARY SCHOOL
74,"PACHAIYAPPAN HR.SEC.SCHOOL, CHENNAI-1.",HIGHER SECONDARY SCHOOL
75,"SIR THIYAGARAYA COLLEGE HR.SEC.SCHOOL, CHENNAI-21",HIGHER SECONDARY SCHOOL
76,"ST. PETERS HR.SEC.SCHOOL, CHENNAI-13",HIGHER SECONDARY SCHOOL
77,"RAMUNNI RAMANIBAI HR.SEC.SCHOOL, CHENNAI-21",HIGHER SECONDARY SCHOOL
78,"J.D.C. JAIN HR.SEC.SCHOOL, CHENNAI-79",HIGHER SECONDARY SCHOOL
79,"G.KJAIN HR.SEC.SCHOOL, CHENNAI-79",HIGHER SECONDARY SCHOOL
80,"RBCN C HR.SEC. SCHOOL, CEHNNAI-2.",HIGHER SECONDARY SCHOOL
81,"DHANALAKSHMI HR.SEC.SCHOOL, CHENNAI-21",HIGHER SECONDARY SCHOOL
82,"HAJEE LASER APPA SAYT HR.SEC.SCHOOL, CHENNAI-1",HIGHER SECONDARY SCHOOL
83,"MUTHU XAVIER ORIENTAL HR.SEC.SCHOOL, CHENNAI-5.",HIGHER SECONDARY SCHOOL
84,"S K B T (BOYS) HR. SEC. SCHOOL, CHENNAI-1.",HIGHER SECONDARY SCHOOL
85,"ST.ANNAL HR.SEC.SCHOOL, CHENNAI-13",HIGHER SECONDARY SCHOOL
86,"ANDERSON DAY HR.SEC.SCHOOL, AACHARYAPPAN ST., CHENNAI-1.",HIGHER SECONDARY SCHOOL
87,"K ARUMUGA NADAR HR.SEC.SCHOOL, CHENNAI-21",HIGHER SECONDARY SCHOOL
88,"MURUGA DHANUSHKODI HR.SEC.SCHOOL, CHENNAI-81",HIGHER SECONDARY SCHOOL
89,"CHENNI (GIRLS) SEVASADHAN HR.SEC.SCHOOL, CHENNAI-31",HIGHER SECONDARY SCHOOL
90,"K R C A R C HR.SEC. SCHOOL, CHENNAI-1",HIGHER SECONDARY SCHOOL
91,"NORTHWIG GIRSL HR.SEC.SCHOOL, CHENNAI-13",HIGHER SECONDARY SCHOOL
92,"DR.R.S.M HR.SEC.SCHOOL, CHENNAI-1",HIGHER SECONDARY SCHOOL
93,"K.T.C.T HR.SEC.SCHOOL, CHENNAI-79",HIGHER SECONDARY SCHOOL
94,"ANDERSON DAY HR.SEC. SCHOOL, CHENNAI.",HIGHER SECONDARY SCHOOL
95,"ST. ANNAL HR.SEC.SCHOOL, CHENNAI-108",HIGHER SECONDARY SCHOOL
96,"OXSEELIUM HR.SEC. SCHOOL, CHENNAI-31",HIGHER SECONDARY SCHOOL
97,"ST.THERASA HR.SEC.SCHOOL, CHENNAI-13",HIGHER SECONDARY SCHOOL
98,"MARY CLUBWALA JADEV HR.SEC. SCOOT, CHENNAI-8",HIGHER SECONDARY SCHOOL
99,"SOUNDARA PANDIYAN SUBBAMMAL HR.SEC.SCHOOL, CHENNAI-81",HIGHER SECONDARY SCHOOL
100,"ELM HR. SEC. SCHOOL, CHENNAI-7",HIGHER SECONDARY SCHOOL
101,"SIR MCTM HR.SEC.SCHOOL, CHENNAI-84",HIGHER SECONDARY SCHOOL
102,"KERALA VIDYALAYAM HR.SEC.SCHOOL, CHENNAI-84.",HIGHER SECONDARY SCHOOL
103,"TMRU V-GA HR.SEC.SCHOOL, CHENNAI-30",HIGHER SECONDARY SCHOOL
104,"ST.LOUIS HR.SEC.SCHOOL, CHENNAI -7",HIGHER SECONDARY SCHOOL
105,"HINDU UNION HR. SEC. SCHOOL,CHOOLAI CHENNA -12",HIGHER SECONDARY SCHOOL
106,"DONBOSCO HR.SEC.SCHOOL, PERAMBUR, CHENNAI-11",HIGHER SECONDARY SCHOOL
107,"D. R. B.,C,C HR.SEC. SCHOOL, PERAMPUR, CHENNAI-11",HIGHER SECONDARY SCHOOL
108,JAMALIA HR. SEC. SCHOOLM CHENNAI-12,HIGHER SECONDARY SCHOOL
109,"W P A SOUNDARAPANDIYAN HR.SEC.SCHOOL, AYANAVARAM CHENNAI-23",HIGHER SECONDARY SCHOOL
110,"PANANTHOPE RAILWAY COLONY HR.SEC.SCHOOL, AYANAVARE, CHENNAI-23",HIGHER SECONDARY SCHOOL
111,"SINGARAM PIET.AT (BOYS) HR.SEC. SCHOOL, VILLIVAKKAM. CEHNNAI-49",HIGHER SECONDARY SCHOOL
112,"S K T D HR. SEC. SCHOOL, VILLIVAKKAM , CHENNAI 49",HIGHER SECONDARY SCHOOL
113,"MOTKLAL POMRA SANADANA DHARMA HR.SEC. SCHOOL,26 MANAKAPPAN ST., CHENNAI-79",HIGHER SECONDARY SCHOOL
114,"AB BARAKE GUJARATHI VID. MANDIR HR.SEC. SCHOOL, EKKAMBARESWARAR AGRAHARAM, SOWKARPET, CHENNAI-79",HIGHER SECONDARY SCHOOL
115,"A G JAIN HR. SEC. SCHOOL, 19 THULASINGAM STREET, SOWKARPET, CHENNAI-79",HIGHER SECONDARY SCHOOL
116,"S S V HR.SEC. SCHOOL, EKAMBARESWARAR AGRAHARAM, CHENNAI-3",HIGHER SECONDARY SCHOOL
117,"S M T HINDU HR.SEC.SCHOOL, PONNAPPA CHETTY ST., CHENNAI-3",HIGHER SECONDARY SCHOOL
118,"G M T T V HR.SEC. SCHOOL, AMMAN KOIL ST., CHENNAI-79",HIGHER SECONDARY SCHOOL
119,"HINDU THEOLOGICAL HR.SEC. SCHOOL, MINT STREET, CHENNAI-79.",HIGHER SECONDARY SCHOOL
120,"CHENNAI PROGRESSIVE HR.SEC. SCHOOL, ADHIYAPPAN NAICKEN ST., CHENNAI-79",HIGHER SECONDARY SCHOOL
121,"TTV HR. SEC. SCHOOL, 97 MINT STREET, CHENNAI-79",HIGHER SECONDARY SCHOOL
122,"T E L C GIRLS HR.SEC. SCHOOL, PURASAVAKKAM, CHENNAI-7",HIGHER SECONDARY SCHOOL
123,"SMTP VENUGOPAL CHETTY HR.SEC. SCHOOL, RATLER ST., CHENNI-112",HIGHER SECONDARY SCHOOL
124,"ST. JOSEP GIRLS HR.SEC. SCHOOL, KALATMYAPPA MUTHALI ST., CHOOLAI, CHENNAI -112",HIGHER SECONDARY SCHOOL
125,"BENTIC GIRLS HR.SEC. SCHOOL, VEPERY, CHENNAI-7",HIGHER SECONDARY SCHOOL
126,"LURDH GIRLS HR.SEC.SCHOOL, PERAMBUR, CHENNAI-11",HIGHER SECONDARY SCHOOL
127,"I C F HR.SEC. SCHOOL, CHENNAI-38",HIGHER SECONDARY SCHOOL
128,"KANNADA SANGAM HR.SEC.SCHOOL, AYANAVARAM, CHENNAI-23",HIGHER SECONDARY SCHOOL
129,"THARAPORE LOGANATHAN GIRLS HR.SEC.SCHOOL, AYANAVARAM, CHENNAI-23",HIGHER SECONDARY SCHOOL
130,"SUGUNIBAI SANADANA DHARMA HR.SEC.SCHOOL, SOWKARPET, CHENNAI-79",HIGHER SECONDARY SCHOOL
131,"MANILAL M.METHA GIRLS HR.SEC.SCHOOL, 1 RAVANIAH ST., POONGA NAGAR, CHENNAI- 3",HIGHER SECONDARY SCHOOL
132,"MUNGIBAI GOANGA GIRLS HR.SEC. SCHOOL, 11 & 12 RAMANUJAR ST., SOWKARPET, CHENNAI - 79.",HIGHER SECONDARY SCHOOL
133,"GANESHBAI KALADA JAIN GIRLS HR.SEC. SCHOOL, 102 THANGA SALAI ST., CHENNI-79",HIGHER SECONDARY SCHOOL
134,"ST. JOSEP HR.SEC. SCHOOL, ERUKKANCHERY, CHENNAI-112",HIGHER SECONDARY SCHOOL
135,"KASTHURIBAI GANDHI GIRLS HR.SEC. SCHOOL, VEPERY, CHENNAI-7",HIGHER SECONDARY SCHOOL
136,"KERALA VIDYALAYA.HR.SEC.SCHOOL, CHENNAI-84",HIGHER SECONDARY SCHOOL
137,"M C T M BOYS HR.SEC.SCHOOL, CHENNAI-84",HIGHER SECONDARY SCHOOL
138,"LADY M C T M HR.SEC. SCHOOL, CHENNAI-84",HIGHER SECONDARY SCHOOL
139,"MUTHU KUMARA SWAMY HR.SEC. SCHOOL, CHENNAI-3",HIGHER SECONDARY SCHOOL
140,"P VENUGOPAL CHETTY HR.SEC. SCHOOL, CEHNNAI-112",HIGHER SECONDARY SCHOOL
141,"KANGA DURGA HR.SEC.SCHOOL, CHENNAI-49",HIGHER SECONDARY SCHOOL
142,"D R B C HR. SEC. SCHOOL, CHENNAI-11",HIGHER SECONDARY SCHOOL
143,"ST JOSEPH GIRLS HR.SEC. SCHOOL, CHENNAI-112",HIGHER SECONDARY SCHOOL
144,"JAIN MISSION HR.SEC.SCHOOL, CHENNAI-79",HIGHER SECONDARY SCHOOL
145,"K T C T HR.SEC. SCHOOL, CHENNAI-79",HIGHER SECONDARY SCHOOL
146,"DONBOSCO HR. SEC. SCHOOL, CHENNAI-7",HIGHER SECONDARY SCHOOL
147,"NIMALA BENSON ARYA SAMAJ HR.SEC.SCHOOL, CEHNNAI-79",HIGHER SECONDARY SCHOOL
148,"S V HR.SEC. SCHOOL, CHENNAI-3",HIGHER SECONDARY SCHOOL
149,"MEENAKSHI HR.SEC. SCHOOL, CHENNAI-11",HIGHER SECONDARY SCHOOL
150,"MEENAKSHI HR.SEC. SCHOOL, PULLA AVENUE , CEHNNAI-30",HIGHER SECONDARY SCHOOL
151,"STJOSEPH PRIMARY SCHOOL, MYLAPORE, CHENNAI-4",PRIMARY SCHOOL
152,"CATHEDRAL PRIMARY SCHOOL, MYLAPORE, CHENNAI-4",PRIMARY SCHOOL
153,"ST.ANTHONIAR PRIMARY SCHOOL, CHENNAI-6",PRIMARY SCHOOL
154,"C.S.I THOUSAND LIGHT PRIMARY SCHOOL,CHENNAI-6",PRIMARY SCHOOL
155,"TMT.MALATHI SRINIVASAN PRIMARY SCHOOL,CHENNAI-4",PRIMARY SCHOOL
156,"SOCIAL SERVICE PRIMARY SCHOOL,CHENNAI-4",PRIMARY SCHOOL
157,"VENKATRAMANA PRIMARY SCHOOL,CHENNAI-18",PRIMARY SCHOOL
158,"KARPAGA VAULT KAL ANIL A Y AM PRIMARY SCHOOL, CHENNAI-4",PRIMARY SCHOOL
159,"DR.SUBRAYAN PRIMARY SCHOOL,CHENNAI-18",PRIMARY SCHOOL
160,"RAJA ANNAMALAIPURAM PRIMARY SCHOOL, CHENNAI-28",PRIMARY SCHOOL
161,"RAMAKRISHNA PRIMARY SCHOOL, CHENNAI-4",PRIMARY SCHOOL
162,"GOPALAPURAM BRINTHA PRIMARY SCHOOL, CHENNAI-86",PRIMARY SCHOOL
163,"SABESAN PRIMARY SCHOOL, CHENNAI-28",PRIMARY SCHOOL
164,"AIDED AUXILIUM PRIMARY SCHOOL, CHENNAI-31",PRIMARY SCHOOL
165,"ASUMTION PRIMARY SCHOOL, CHENNAI-34",PRIMARY SCHOOL
166,"SRI VENKATESWARAR VID. PRIMARY SCHOOL, CHENNAI-34",PRIMARY SCHOOL
167,"NARAYANASWAMY PRIMARY SCHOOL, CHENNAI-6",PRIMARY SCHOOL
168,"A.B PAREK PRIMARY SCHOOL, CHENNAI-79",PRIMARY SCHOOL
169,"CHRISTIAN PRIMARY SCHOOL, CHENNAI-12",PRIMARY SCHOOL
170,"DONBOSCO PRIMARY SCHOOL, VEPAREY H.R.,CHENNAI- 7",PRIMARY SCHOOL
171,"P.T.MISSION PRIMARY SCHOOL, CHENNAI-3",PRIMARY SCHOOL
172,"SRI K.S.S.T. PRIMARY SCHOOL, CHENNAI-79",PRIMARY SCHOOL
173,"SRI A.P JAIN PRIMARY SCHOOL, CHENNAI-79",PRIMARY SCHOOL
174,"Z.P.H. PRIMARY SCHOOL, CHENNAI-3",PRIMARY SCHOOL
175,"A.B.M. PRIMARY SCHOOL, CHENNAI-12",PRIMARY SCHOOL
176,"E.N.V.SANGAM PRIMARY SCHOOL, CHENNAI-3",PRIMARY SCHOOL
177,"M. SAB APATHY CHETTIAR PRIMARY SCHOOL, CHENNAI-3",PRIMARY SCHOOL
178,"PROF.KANDASWAMY MUDALIAR PRIMARY SCHOOL, CHENNAI-79",PRIMARY SCHOOL
179,"P.T.LEE C.N PRIMARY SCHOOL, CHOOLAI,CHENNAI-112",PRIMARY SCHOOL
180,"RAJAH PRIMARY SCHOOL, ANNAPILLAI ST.,CHENNAI-79",PRIMARY SCHOOL
181,"SRI. SM.M.D HINDU PRIMARY SCHOOL, CHENNAI-3",PRIMARY SCHOOL
182,"SRI.RAMAKRISHNA MADAM PRIMARY SCHOOL, CHENNAI-79",PRIMARY SCHOOL
183,"ARYASAMAJ PRIMARY SCHOOL, CHENNAI-79",PRIMARY SCHOOL
184,"DONBOSCO PRIMARY SCHOOL, VIYASARPADI,CHENNAI-39",PRIMARY SCHOOL
185,"ST JOSEPH PRIMARY SCHOOL, CHENNAI-112",PRIMARY SCHOOL
186,"ST. ANDREW'S PRIMARY SCHOOL, CHENNAI-112",PRIMARY SCHOOL
187,"C.S.I MONAHAN PRIMARY SCHOOL, CHENNAI-11",PRIMARY SCHOOL
188,"SARASWATHY VID. PRIMARY SCHOOL, CHENNAI-11",PRIMARY SCHOOL
189,"S.V.M/ PRIMARY SCHOOL, KOLATHUR, CHENNAI-99",PRIMARY SCHOOL
190,"SAVIO PRIMARY SCHOOL, CHENNAI-11",PRIMARY SCHOOL
191,"J.R.E.T PRIMARY SCHOOL, CHENNAI-11",PRIMARY SCHOOL
192,"ST.THERASAS PRIMARY SCHOOL, CHENNAI",PRIMARY SCHOOL
193,"C.S.I.(SPG) PRIMARY SCHOOL, CHENNAI",PRIMARY SCHOOL
194,"SRI.V.BATCHA EDDY PRIMARY SCHOOL, CHENNAI-49",PRIMARY SCHOOL
195,"MUTHUGUMARASWAMY PRIMARY SCHOOL, CHENNAI-112",PRIMARY SCHOOL
196,"GOOD SANARITAN PRIMARY SCHOOL, CHENNAI-118",PRIMARY SCHOOL
197,"T.B.C. PRIMARY SCHOOL, CHENNAI-11",PRIMARY SCHOOL
198,"SRI GURUMOORTHY VID. PRIMARY SCHOOL, CHENNAI",PRIMARY SCHOOL
199,"EBINESAR PRIMARY SCHOOL, CHENNAI-11",PRIMARY SCHOOL
200,"P.S.G.S. PRIMARY SCHOOL, CHENNAI-49",PRIMARY SCHOOL
201,"SINGARAMPILLAI PRIMARY SCHOOL, CHENNAI-49",PRIMARY SCHOOL
202,"SRI.BALAGURUGULAM PRIMARY SCHOOL, CHENNAI-49",PRIMARY SCHOOL
203,"GANDHIJI MEMORIAL PRIMARY SCHOOL, CHENNAI-11",PRIMARY SCHOOL
204,"PANATHOPE RAILWAY COLONY PRIMARY SCHOOL, CHENNAI-23",PRIMARY SCHOOL
205,"RAILWAY COLONY PRIMARY SCHOOL, CHENNAI-23",PRIMARY SCHOOL
206,"A.E.M PRIMARY SCHOOL, CHENNAI-21",PRIMARY SCHOOL
207,"C.M.S.T PRIMARY SCHOOL, CHENNAI-21",PRIMARY SCHOOL
208,"SRI.GOWTHAM CHAND KOTHARI JAIN PRIMARY SCHOOL, CHENNAI-13",PRIMARY SCHOOL
209,"ST. ANNAL PRIMARY SCHOOL, CHENNAI-13",PRIMARY SCHOOL
210,"ST.ROYAPPER PRIMARY SCHOOL, CHENNAI-13",PRIMARY SCHOOL
211,"C.S.I RAJAGOPAL PRIMARY SCHOOL, CHENNAI-13",PRIMARY SCHOOL
212,"ST. FRANCIS XAVIER PRIMARY SCHOOL, CHENNAI-13",PRIMARY SCHOOL
213,"SRI KUMARAN PRIMARY SCHOOL, CHENNAI-81",PRIMARY SCHOOL
214,"THRUVALLUVAR PRIMARY SCHOOL, CHENNAI-21",PRIMARY SCHOOL
215,"THIYAGRAYA CHETTY PRIMARY SCHOOL, CHENNAI-21",PRIMARY SCHOOL
216,"K.R.C. PRIMARY SCHOOL, CHENNAI-21",PRIMARY SCHOOL
217,"NADAR PRIMARY SCHOOL, CHENNAI-21",PRIMARY SCHOOL
218,"P.A.K PALANISWAMY PRIMARY SCHOOL, CHENNAI-13",PRIMARY SCHOOL
219,"RAJARISM ARTHANARISA VARMA PRIMARY SCHOOL, CHENNAI-13",PRIMARY SCHOOL
220,"FREEDOM FIGHTER MASTER RAMMUNNI MEMORIAL PRIMARY SCHOOL, CHENNAI-21",PRIMARY SCHOOL
221,"K.RAMANUJAM PILLAI PRIMARY SCHOOL, CHENNAI-13",PRIMARY SCHOOL
222,"THIRUJEGHAN MOHAN PRIMARY SCHOOL, CHENNAI-21",PRIMARY SCHOOL
223,"A.C. PRIMARY SCHOOL, VELACHERI, CHENNAI-42",PRIMARY SCHOOL
224,"ALLCOT PRIMARY SCHOOL, CHENNAI-90",PRIMARY SCHOOL
225,"A.C. PRIMARY SCHOOL, GUINDY,CHENNAI-85",PRIMARY SCHOOL
226,"AVAI TT.T.AM PRIMARY SCHOOL, CHENNAI-20",PRIMARY SCHOOL
227,"RANI MEYAMMAI PRIMARY SCHOOL, CHENNAI-20",PRIMARY SCHOOL
228,"SRI.SARASWATHY PRIMARY SCHOOL,SAIDAPET, CHENNAI-15",PRIMARY SCHOOL
229,"V.O.C. PRIMARY SCHOOL, CHENNAI-15",PRIMARY SCHOOL
230,"A.R.C. PRIMARY SCHOOL, CHENNAI-8",PRIMARY SCHOOL
231,"M.ELLAPPA CHETTIYAR PRIMARY SCHOOL, CHENNAI-1",PRIMARY SCHOOL
232,"KAMARAJ PRIMARY SCHOOL, CHENNAI-21",PRIMARY SCHOOL
233,"K.T.C.T. PRIMARY SCHOOL, CHENNAI-79",PRIMARY SCHOOL
234,"MANAVAR MANDRAM PRIMARY SCHOOL, CHENNAI-1",PRIMARY SCHOOL
235,"RAMAKRIHSNA PRIMARY SCHOOL, CHENNAI-1",PRIMARY SCHOOL
236,"S.K.P.D PRIMARY SCHOOL, CHENNAI-79",PRIMARY SCHOOL
237,"V.SUNDARAMOORTHY CHETTIYAR PRIMARY SCHOOL, CHENNAI-21",PRIMARY SCHOOL
238,"RUKKUMANI PRIMARY SCHOOL, CHENNAI-21",PRIMARY SCHOOL
239,"J.T.C.JAIN MISSION PRIMARY SCHOOL, CHENNAI-79",PRIMARY SCHOOL
240,"ST.FRANCIS XAVIER PRIMARY SCHOOL, CHENNAI-108",PRIMARY SCHOOL
241,"DHANALAKSHMI PRIMARY SCHOOL, CHENNAI-21",PRIMARY SCHOOL
242,"HAJA ESS A ABBA SIR PRIMARY SCHOOL, CHENNAI-1",PRIMARY SCHOOL
243,"A.I.W.C. PRIMARY SCHOOL, CHENNAI-2",PRIMARY SCHOOL
244,"KING GEORGE PRIMARY SCHOOL, CHENNAI-2",PRIMARY SCHOOL
245,"M.O.P.IYENGAR PRIMARY SCHOOL, CHENNAI-5",PRIMARY SCHOOL
246,"N.SANA RAO PRIMARY SCHOOL, CHENNAI-5",PRIMARY SCHOOL
247,"R.B.A.N.C. PRIMARY SCHOOL, CHENNAI-2",PRIMARY SCHOOL
248,"S.S. RAGHAVENDARA RAO PRIMARY SCHOOL, CHENNAI-5",PRIMARY SCHOOL
249,"MURDHU SAVIO PRIMARY SCHOOL, CHENNAI-5",PRIMARY SCHOOL
250,"M.T.P.C. PRIMARY SCHOOL, CHENNAI-CH-2",PRIMARY SCHOOL
251,"BALA MANDIR PRIMARY SCHOOL, G.N.CHETTY ROAD, CHENNAI-17",PRIMARY SCHOOL
252,"M.C.N PRIMARY SCHOOL, CHENNAI-17",PRIMARY SCHOOL
253,"M.G.R. PRIMARY SCHOOL, CHENNAI-26",PRIMARY SCHOOL
254,"R.K.M.. PRIMARY SCHOOL, K.STREET,CHENNAI-17",PRIMARY SCHOOL
255,"T.NAGAR PRIMARY SCHOOL, CHENNAI-17",PRIMARY SCHOOL
256,"V R PRIMARY SCHOOL, CHENNAI-24",PRIMARY SCHOOL
257,"VENKADANIVASAM PRIMARY SCHOOL, CHENNAI-33",PRIMARY SCHOOL
258,"GANDHI PRIMARY SCHOOL, CHENNAI-94",PRIMARY SCHOOL
259,"R.K.M.S.V. MODEL PRIMARY SCHOOL, CHENNAI-17",PRIMARY SCHOOL
260,"ANJUHAM PRIMARY SCHOOL, CHENNAI-94",PRIMARY SCHOOL
261,"SWAMI CMDAMBARANAR KALVI NILAYAM, CHENNAI-94",PRIMARY SCHOOL
262,"KAVERI PRIMARY SCHOOL, CHENNAI-26",PRIMARY SCHOOL
263,"DANIEL THOMAS PRIMARY SCHOOL, CHENNAI-106",PRIMARY SCHOOL
264,"KESARITELUGU PRIMARY SCHOOL, CHENNAI-17",PRIMARY SCHOOL
265,"ST JOSEPH'S PRIMARY SCHOOL, CHENNAI-34",PRIMARY SCHOOL
266,"T.B.M. PRIMARY SCHOOL, CHENNAI-106",PRIMARY SCHOOL
267,"T.E.L.C PRIMARY SCHOOL, TANA STREET,CHENNAI-10",PRIMARY SCHOOL
268,"T.E.L.C. PRIMARY SCHOOL, BRICKINS SALALCHENNAI-7",PRIMARY SCHOOL
269,"T.E.L.C. PRIMARY SCHOOL, TAILORS SALAI,CHENNAI-10",PRIMARY SCHOOL
270,"KERALA VID. PRIMARY SCHOOL, CHENNAI-84",PRIMARY SCHOOL
271,"NIRMALA PRIMARY SCHOOL, CHENNAI-23",PRIMARY SCHOOL
272,"W.P.A. SOUNDARAPANDIAN PRIMARY SCHOOL, CHENNAI-23",PRIMARY SCHOOL
273,"MALAYALA VID. PRIMARY SCHOOL, CHENNAI-12",PRIMARY SCHOOL
274,"NESA MUNISWAMY PRIMARY SCHOOL, CHENNAI-7",PRIMARY SCHOOL
275,"THARAPOOR LOGANATHAN PRIMARY SCHOOL, CHENNAI-23",PRIMARY SCHOOL
276,"T.B.M. PRIMARY SCHOOL, CHENNAI-10",PRIMARY SCHOOL
277,"LADY NAILE PRIMARY SCHOOL, CHENNAI-113",SPECIAL PRIMARY SCHOOL
278,"RAJ BHAVAN PRIMARY SCHOOL, CHENNAI-22",SPECIAL PRIMARY SCHOOL
279,"ST.LAZARAS MIDDLE SCHOOL, CHENNAI-28",MIDDLE SCHOOL
280,"ERANXIS SAVIOR MIDDLE SCHOOL, CHENNAI-18",MIDDLE SCHOOL
281,"C.S.I. PUDUPAKKAM MIDDLE SCHOOL, CHENNAI-14",MIDDLE SCHOOL
282,"ST JOHNSON MIDDLE SCHOOL, CHENNAI-14",MIDDLE SCHOOL
283,"ALL SAITS MIDDLE SCHOOL, CHENNAI-4",MIDDLE SCHOOL
284,"ST.ANTHONIYAR MIDDLE SCHOOL, CHENNAI",MIDDLE SCHOOL
285,"ST.HEAR MIDDLE SCHOOL, EGMORE,CHENNAI-8",MIDDLE SCHOOL
286,"ST. AUGUST AIN MIDDLE SCHOOL, CHENNAI-",MIDDLE SCHOOL
287,"R.P.C.C.C. MIDDLE SCHOOL, CHENNAI",MIDDLE SCHOOL
288,"DHANAKOTTI MIDDLE SCHOOL, CKNTHATHRIPET, CHENNAI-2",MIDDLE SCHOOL
289,"SIVARAMAN MIDDLE SCHOOL, CKNTHATHRIPET, CHENNAI-2",MIDDLE SCHOOL
290,"C.S.I. MIDDLE SCHOOL, CHENNAI-112",MIDDLE SCHOOL
291,"C.S.I(G.M) MIDDLE SCHOOL, CHENNAI-79",MIDDLE SCHOOL
292,"C.S.I M.M MIDDLE SCHOOL, CHENNAI-79",MIDDLE SCHOOL
293,"C.S.I MINT MIDDLE SCHOOL, CHENNAI-1",MIDDLE SCHOOL
294,"ST. MAREK MIDDLE SCHOOL, CHENNAI 1",MIDDLE SCHOOL
295,"HINDU UNION COMMITTEE MIDDLE SCHOOL, CHENNAI-3",MIDDLE SCHOOL
296,"SAIVETE MIDDLE SCHOOL, CHENNAI-79",MIDDLE SCHOOL
297,"VISWABARATHY MIDDLE SCHOOL, CHENNAI-79",MIDDLE SCHOOL
298,"J.R.E.TRAGHJA MIDDLE SCHOOL,AGRAM, CHENNAI-118",MIDDLE SCHOOL
299,"A.N.M MIDDLE SCHOOL, CHENNAI-118",MIDDLE SCHOOL
300,"NEHRU MIDDLE SCHOOL, CHENNAI-118",MIDDLE SCHOOL
301,"M.P.DEVADOSS MIDDLE SCHOOL, VELACHERY,CHENNAI-39",MIDDLE SCHOOL
302,"ARAYASAMAJ MIDDLE SCHOOL, CHENNAI-39",MIDDLE SCHOOL
303,"VIVEK MIDDLE SCHOOL, CHENNAI-11",MIDDLE SCHOOL
304,"VANI MIDDLE SCHOOL, CHENNAI-11",MIDDLE SCHOOL
305,"ANNAI VELAN RANK MIDDLE SCHOOL, M.K.B NAGAR,CHENNAI-3",MIDDLE SCHOOL
306,"NORTH MADRAS SERVICE MIDDLE SCHOOL, CHENNAI-21",MIDDLE SCHOOL
307,"NATIONAL CHRIST MIDDLE SCHOOL, CHENNAI- 21",MIDDLE SCHOOL
308,"ARUL JOTK MIDDLE SCHOOL, CHENNAI-21",MIDDLE SCHOOL
309,"R.S.R MIDDLE SCHOOL, CHENNAI-21",MIDDLE SCHOOL
310,"NETHAJI MIDDLE SCHOOL, CHENNAI-81",MIDDLE SCHOOL
311,"ARINGAR ANNA MIDDLE SCHOOL, CHENNAI-81",MIDDLE SCHOOL
312,"B SUBBARAY MIDDLE SCHOOL, CHENNAI-21",MIDDLE SCHOOL
313,"NATIONAL MIDDLE SCHOOL, CHENNAI-13",MIDDLE SCHOOL
314,"SRI RAMAKRISHNA MIDDLE SCHOOL, CHENNAI-13",MIDDLE SCHOOL
315,"NORTH MADRAS MIDDLE SCHOOL, CHENNAI-21",MIDDLE SCHOOL
316,"THANJAGHAN MOHAN MIDDLE SCHOOL, CHENNAI-21",MIDDLE SCHOOL
317,"NATAR MIDDLE SCHOOL, CHENNAI-21",MIDDLE SCHOOL
318,"A.C. MIDDLE SCHOOL, CHENNAI-32",MIDDLE SCHOOL
319,"AC.MIDDLE SCHOOL, CHENNAI-113",MIDDLE SCHOOL
320,"C.S.I. MIDDLE SCHOOL, CHENNAI-15",MIDDLE SCHOOL
321,"ST.ANTHONIYAR MIDDLE SCHOOL, CHENNAI-42",MIDDLE SCHOOL
322,"ST.FRANCIS XAVIER MIDDLE SCHOOL, CHENNAI-15",MIDDLE SCHOOL
323,"ST.MARELE MIDDLE SCHOOL, CHENNAI-88",MIDDLE SCHOOL
324,"A.C. MIDDLE SCHOOL,TKRUVANMIYUR, CHENNAI-41",MIDDLE SCHOOL
325,"ANNAPOORANIAMMAL MIDDLE SCHOOL, CHENNAI-33",MIDDLE SCHOOL
326,"GANAPATM NATIONAL MIDDLE SCHOOL, CHENNAI-15",MIDDLE SCHOOL
327,"ARIMA SANGAM MIDDLE SCHOOL, CHENNAI-32",MIDDLE SCHOOL
328,"SARADHA MIDDLE SCHOOL, CHENNAI-33",MIDDLE SCHOOL
329,"TKRUVALLUVAR GURUGULAM MIDDLE SCHOOL, CHENNAI-15",MIDDLE SCHOOL
330,"BIRMASAMAJAM MIDDLE SCHOOL, CHENNAI-79",MIDDLE SCHOOL
331,"KAMAL VINAYAR MIDDLE SCHOOL, CHENNAI-13",MIDDLE SCHOOL
332,"KANNAPPA NAIYANAR MIDDLE SCHOOL, CHENNAI-13",MIDDLE SCHOOL
333,"N.A.P MIDDLE SCHOOL, CHENNAI-1",MIDDLE SCHOOL
334,"P NAGAMMA MIDDLE SCHOOL, CHENNAI-1",MIDDLE SCHOOL
335,"DR.DHARMAMBAL MIDDLE SCHOOL, CHENNAI-1",MIDDLE SCHOOL
336,"SARADA VID. MIDDLE SCHOOL, CHENNAI-1",MIDDLE SCHOOL
337,"ST.ANNES MIDDLE SCHOOL, CHENNAI-1",MIDDLE SCHOOL
338,"V SUBRAMANIYAM MIDDLE SCHOOL, CHENNAI-1",MIDDLE SCHOOL
339,"CKNTHATHRIPET MIDDLE SCHOOL, CHENNAI-2",MIDDLE SCHOOL
340,"DEVI NAGA SAKTK MIDDLE SCHOOL, CHENNAI-5",MIDDLE SCHOOL
341,"H.H.MANDLE MIDDLE SCHOOL, CHENNAI-5",MIDDLE SCHOOL
342,"C.S.I MIDDLE SCHOOL, CHENNAI-5",MIDDLE SCHOOL
343,"R.K.M.S.V. MIDDLE SCHOOL, RAMANATHAN ST.,CHENNAI-17",MIDDLE SCHOOL
344,"V.S.B MIDDLE SCHOOL, CHENNAI-15",MIDDLE SCHOOL
345,"VALLLIAMMAL RAJABHADHAR MIDDLE SCHOOL, CHENNAI-34",MIDDLE SCHOOL
346,"RAMALINGA MISSION MIDDLE SCHOOL, CHENNAI-26",MIDDLE SCHOOL
347,"AMBATTUR LIONS CLUB MIDDLE SCHOOL, CHENNAI-78",MIDDLE SCHOOL
348,"C.S.I MIDDLE SCHOOL,PERUMAL PET, CHENNAI-7",MIDDLE SCHOOL
349,"C.S.I MIDDLE SCHOOL,TANA STREET, CHENNAI-7",MIDDLE SCHOOL
350,"C.S.I. MIDDLE SCHOOL, SUNDARAM STREET, CHENNAI-7",MIDDLE SCHOOL
351,"MARI IMMACULATE MIDDLE SCHOOL, CHENNAI-10",MIDDLE SCHOOL
352,"SRI. ARANGAIAH NAIDU MIDDLE SCHOOL, CHENNAI-23",MIDDLE SCHOOL
353,"D.S.M. MIDDLE SCHOOL, CHENNAI-12",MIDDLE SCHOOL
354,"R.B.C.N MIDDLE SCHOOL, CHENNAI-8",MIDDLE SCHOOL
355,"SRI.MEENAKSHI MIDDLE SCHOOL, CHENNAI-23",MIDDLE SCHOOL